"iso2c","iso3c","country","date","women_in_parliament_pct","female_labor_force_pct"
"AW","ABW","Aruba",2000,NA,NA
"AW","ABW","Aruba",2001,NA,NA
"AW","ABW","Aruba",2002,NA,NA
"AW","ABW","Aruba",2003,NA,NA
"AW","ABW","Aruba",2004,NA,NA
"AW","ABW","Aruba",2005,NA,NA
"AW","ABW","Aruba",2006,NA,NA
"AW","ABW","Aruba",2007,NA,NA
"AW","ABW","Aruba",2008,NA,NA
"AW","ABW","Aruba",2009,NA,NA
"AW","ABW","Aruba",2010,NA,NA
"AW","ABW","Aruba",2011,NA,NA
"AW","ABW","Aruba",2012,NA,NA
"AW","ABW","Aruba",2013,NA,NA
"AW","ABW","Aruba",2014,NA,NA
"AW","ABW","Aruba",2015,NA,NA
"AW","ABW","Aruba",2016,NA,NA
"AW","ABW","Aruba",2017,NA,NA
"AW","ABW","Aruba",2018,NA,NA
"AW","ABW","Aruba",2019,NA,NA
"AW","ABW","Aruba",2020,NA,NA
"AW","ABW","Aruba",2021,NA,NA
"AW","ABW","Aruba",2022,NA,NA
"AW","ABW","Aruba",2023,NA,NA
"AF","AFG","Afghanistan",2000,NA,15.6098847082909
"AF","AFG","Afghanistan",2001,NA,15.4997492992499
"AF","AFG","Afghanistan",2002,NA,15.4418323548525
"AF","AFG","Afghanistan",2003,NA,15.4285401394073
"AF","AFG","Afghanistan",2004,NA,15.462577305651
"AF","AFG","Afghanistan",2005,27.3092369477912,15.5409462553184
"AF","AFG","Afghanistan",2006,27.3092369477912,15.6741789248609
"AF","AFG","Afghanistan",2007,27.6859504132231,15.8788830396287
"AF","AFG","Afghanistan",2008,27.6859504132231,16.1404297900461
"AF","AFG","Afghanistan",2009,27.3092369477912,16.4300896310806
"AF","AFG","Afghanistan",2010,27.710843373494,16.7373337776773
"AF","AFG","Afghanistan",2011,27.710843373494,17.040196794109
"AF","AFG","Afghanistan",2012,27.710843373494,17.3341342003836
"AF","AFG","Afghanistan",2013,27.710843373494,18.2833912859109
"AF","AFG","Afghanistan",2014,27.710843373494,19.2702186833505
"AF","AFG","Afghanistan",2015,27.710843373494,20.2941507106953
"AF","AFG","Afghanistan",2016,27.710843373494,21.3541814997194
"AF","AFG","Afghanistan",2017,27.710843373494,22.4631265094613
"AF","AFG","Afghanistan",2018,NA,21.7502441116409
"AF","AFG","Afghanistan",2019,27.8688524590164,20.9042383131815
"AF","AFG","Afghanistan",2020,27.0161290322581,19.8361791996256
"AF","AFG","Afghanistan",2021,27.0161290322581,17.9939730038424
"AF","AFG","Afghanistan",2022,NA,6.86395023176554
"AF","AFG","Afghanistan",2023,NA,6.84841307897743
"AO","AGO","Angola",2000,15.4545454545455,50.3934154484455
"AO","AGO","Angola",2001,15.4545454545455,50.4350324146662
"AO","AGO","Angola",2002,15.4545454545455,50.4694047768525
"AO","AGO","Angola",2003,15.4545454545455,50.4754845584899
"AO","AGO","Angola",2004,15,50.4635331593837
"AO","AGO","Angola",2005,15,50.4451273184071
"AO","AGO","Angola",2006,15,50.4182606228414
"AO","AGO","Angola",2007,15,50.3853313386441
"AO","AGO","Angola",2008,37.2727272727273,50.3463594473068
"AO","AGO","Angola",2009,38.6363636363636,50.3025272286081
"AO","AGO","Angola",2010,38.6363636363636,50.2612969215801
"AO","AGO","Angola",2011,38.1818181818182,49.6928851831463
"AO","AGO","Angola",2012,34.0909090909091,49.6935864846165
"AO","AGO","Angola",2013,34.0909090909091,49.7005515903925
"AO","AGO","Angola",2014,36.8181818181818,49.7127962856803
"AO","AGO","Angola",2015,36.8181818181818,49.7293671462917
"AO","AGO","Angola",2016,36.8181818181818,49.7459965443088
"AO","AGO","Angola",2017,30.4545454545455,49.763782635441
"AO","AGO","Angola",2018,30.4545454545455,49.783801287152
"AO","AGO","Angola",2019,30,49.8040700912994
"AO","AGO","Angola",2020,30,49.8050617281662
"AO","AGO","Angola",2021,29.5454545454545,50.0541807630485
"AO","AGO","Angola",2022,33.6363636363636,50.331575099696
"AO","AGO","Angola",2023,33.6363636363636,49.3983047914316
"AL","ALB","Albania",2000,5.16129032258065,42.9579757869905
"AL","ALB","Albania",2001,5.71428571428571,42.7986684239264
"AL","ALB","Albania",2002,5.71428571428571,42.6280650587519
"AL","ALB","Albania",2003,5.71428571428571,42.768925337026
"AL","ALB","Albania",2004,6.42857142857143,42.9254401023417
"AL","ALB","Albania",2005,7.14285714285714,43.1062157656585
"AL","ALB","Albania",2006,7.14285714285714,43.3166357596483
"AL","ALB","Albania",2007,7.14285714285714,43.5605418963098
"AL","ALB","Albania",2008,7.14285714285714,43.8379298433982
"AL","ALB","Albania",2009,16.4285714285714,42.7477213103187
"AL","ALB","Albania",2010,16.4285714285714,43.3310063907532
"AL","ALB","Albania",2011,15.7142857142857,44.7612864054754
"AL","ALB","Albania",2012,15.7142857142857,43.8484432974301
"AL","ALB","Albania",2013,17.8571428571429,42.6722339967407
"AL","ALB","Albania",2014,20,42.0485949198275
"AL","ALB","Albania",2015,20.7142857142857,43.3892317101874
"AL","ALB","Albania",2016,22.8571428571429,44.4821888721598
"AL","ALB","Albania",2017,27.8571428571429,43.7711217552288
"AL","ALB","Albania",2018,27.8571428571429,44.2869097674917
"AL","ALB","Albania",2019,29.5081967213115,44.8252066125435
"AL","ALB","Albania",2020,29.5081967213115,44.9529265046072
"AL","ALB","Albania",2021,35.7142857142857,44.9647409299208
"AL","ALB","Albania",2022,35.7142857142857,46.3752192831216
"AL","ALB","Albania",2023,35.7142857142857,46.3691107088254
"AD","AND","Andorra",2000,7.14285714285714,NA
"AD","AND","Andorra",2001,14.2857142857143,NA
"AD","AND","Andorra",2002,14.2857142857143,NA
"AD","AND","Andorra",2003,14.2857142857143,NA
"AD","AND","Andorra",2004,14.2857142857143,NA
"AD","AND","Andorra",2005,28.5714285714286,NA
"AD","AND","Andorra",2006,28.5714285714286,NA
"AD","AND","Andorra",2007,28.5714285714286,NA
"AD","AND","Andorra",2008,25,NA
"AD","AND","Andorra",2009,35.7142857142857,NA
"AD","AND","Andorra",2010,35.7142857142857,NA
"AD","AND","Andorra",2011,50,NA
"AD","AND","Andorra",2012,50,NA
"AD","AND","Andorra",2013,50,NA
"AD","AND","Andorra",2014,50,NA
"AD","AND","Andorra",2015,39.2857142857143,NA
"AD","AND","Andorra",2016,32.1428571428571,NA
"AD","AND","Andorra",2017,32.1428571428571,NA
"AD","AND","Andorra",2018,32.1428571428571,NA
"AD","AND","Andorra",2019,46.4285714285714,NA
"AD","AND","Andorra",2020,46.4285714285714,NA
"AD","AND","Andorra",2021,46.4285714285714,NA
"AD","AND","Andorra",2022,46.4285714285714,NA
"AD","AND","Andorra",2023,50,NA
"AE","ARE","United Arab Emirates",2000,0,12.363577951955
"AE","ARE","United Arab Emirates",2001,0,12.6028054674097
"AE","ARE","United Arab Emirates",2002,0,12.8017468526563
"AE","ARE","United Arab Emirates",2003,0,12.972051292461
"AE","ARE","United Arab Emirates",2004,0,13.1156483818677
"AE","ARE","United Arab Emirates",2005,0,13.2485692591035
"AE","ARE","United Arab Emirates",2006,5,13.6405277287394
"AE","ARE","United Arab Emirates",2007,22.5,14.2886150371949
"AE","ARE","United Arab Emirates",2008,22.5,15.0975100615643
"AE","ARE","United Arab Emirates",2009,22.5,15.9913329256106
"AE","ARE","United Arab Emirates",2010,22.5,16.8340647670714
"AE","ARE","United Arab Emirates",2011,17.5,17.6650931351053
"AE","ARE","United Arab Emirates",2012,17.5,18.4279814042073
"AE","ARE","United Arab Emirates",2013,17.5,18.9813336523747
"AE","ARE","United Arab Emirates",2014,17.5,19.4186272117965
"AE","ARE","United Arab Emirates",2015,22.5,19.8572158486094
"AE","ARE","United Arab Emirates",2016,22.5,20.2767392974982
"AE","ARE","United Arab Emirates",2017,22.5,20.9879795844786
"AE","ARE","United Arab Emirates",2018,22.5,21.1382938906538
"AE","ARE","United Arab Emirates",2019,50,22.395062055954
"AE","ARE","United Arab Emirates",2020,50,24.2940991478092
"AE","ARE","United Arab Emirates",2021,50,21.6731244127477
"AE","ARE","United Arab Emirates",2022,50,22.8382069251779
"AE","ARE","United Arab Emirates",2023,50,22.302109602984
"AR","ARG","Argentina",2000,26.4591439688716,41.7243493640266
"AR","ARG","Argentina",2001,NA,41.5125023222252
"AR","ARG","Argentina",2002,30.7392996108949,40.9882501359987
"AR","ARG","Argentina",2003,30.7392996108949,41.2247829756656
"AR","ARG","Argentina",2004,33.7254901960784,41.4591721374085
"AR","ARG","Argentina",2005,36.1867704280156,41.0098110524289
"AR","ARG","Argentina",2006,35.0194552529183,41.3329800969844
"AR","ARG","Argentina",2007,40,41.0665422593647
"AR","ARG","Argentina",2008,40,40.7976360050623
"AR","ARG","Argentina",2009,38.5214007782101,41.1474102970715
"AR","ARG","Argentina",2010,38.5214007782101,40.5900049662423
"AR","ARG","Argentina",2011,37.3540856031128,40.4758223030244
"AR","ARG","Argentina",2012,37.3540856031128,40.7365007792398
"AR","ARG","Argentina",2013,36.5758754863813,40.623148375468
"AR","ARG","Argentina",2014,36.5758754863813,40.7539986812936
"AR","ARG","Argentina",2015,NA,40.949878735332
"AR","ARG","Argentina",2016,35.7976653696498,41.1544274598568
"AR","ARG","Argentina",2017,38.1322957198444,41.3536477921114
"AR","ARG","Argentina",2018,38.9105058365759,42.0493149154833
"AR","ARG","Argentina",2019,40.1574803149606,42.2633100586483
"AR","ARG","Argentina",2020,40.8560311284047,42.2659141441896
"AR","ARG","Argentina",2021,44.7470817120623,42.4041313742487
"AR","ARG","Argentina",2022,44.7470817120623,42.9402622703507
"AR","ARG","Argentina",2023,43.1906614785992,43.2487962439667
"AM","ARM","Armenia",2000,3.05343511450382,47.8042765386596
"AM","ARM","Armenia",2001,3.05343511450382,48.036139899842
"AM","ARM","Armenia",2002,3.05343511450382,48.1060684303426
"AM","ARM","Armenia",2003,4.58015267175572,48.152608276267
"AM","ARM","Armenia",2004,5.34351145038168,48.1981583524271
"AM","ARM","Armenia",2005,5.34351145038168,48.2399671186961
"AM","ARM","Armenia",2006,5.34351145038168,48.2819742756498
"AM","ARM","Armenia",2007,9.16030534351145,48.3291019992641
"AM","ARM","Armenia",2008,8.3969465648855,48.381145810265
"AM","ARM","Armenia",2009,9.16030534351145,48.6675177036367
"AM","ARM","Armenia",2010,9.16030534351145,48.8068500934432
"AM","ARM","Armenia",2011,8.3969465648855,48.847909780593
"AM","ARM","Armenia",2012,10.6870229007634,48.7980985709264
"AM","ARM","Armenia",2013,10.6870229007634,48.7624057231959
"AM","ARM","Armenia",2014,10.6870229007634,48.7313994456015
"AM","ARM","Armenia",2015,10.6870229007634,48.7089599983752
"AM","ARM","Armenia",2016,10.6870229007634,48.6671651855123
"AM","ARM","Armenia",2017,18.0952380952381,48.6920122692731
"AM","ARM","Armenia",2018,18.0952380952381,48.5916115277977
"AM","ARM","Armenia",2019,23.4848484848485,47.9009362730293
"AM","ARM","Armenia",2020,23.4848484848485,49.0146580872884
"AM","ARM","Armenia",2021,33.6448598130841,49.0958166482065
"AM","ARM","Armenia",2022,35.5140186915888,47.0514092014668
"AM","ARM","Armenia",2023,35.5140186915888,47.1937404282416
"AS","ASM","American Samoa",2000,NA,NA
"AS","ASM","American Samoa",2001,NA,NA
"AS","ASM","American Samoa",2002,NA,NA
"AS","ASM","American Samoa",2003,NA,NA
"AS","ASM","American Samoa",2004,NA,NA
"AS","ASM","American Samoa",2005,NA,NA
"AS","ASM","American Samoa",2006,NA,NA
"AS","ASM","American Samoa",2007,NA,NA
"AS","ASM","American Samoa",2008,NA,NA
"AS","ASM","American Samoa",2009,NA,NA
"AS","ASM","American Samoa",2010,NA,NA
"AS","ASM","American Samoa",2011,NA,NA
"AS","ASM","American Samoa",2012,NA,NA
"AS","ASM","American Samoa",2013,NA,NA
"AS","ASM","American Samoa",2014,NA,NA
"AS","ASM","American Samoa",2015,NA,NA
"AS","ASM","American Samoa",2016,NA,NA
"AS","ASM","American Samoa",2017,NA,NA
"AS","ASM","American Samoa",2018,NA,NA
"AS","ASM","American Samoa",2019,NA,NA
"AS","ASM","American Samoa",2020,NA,NA
"AS","ASM","American Samoa",2021,NA,NA
"AS","ASM","American Samoa",2022,NA,NA
"AS","ASM","American Samoa",2023,NA,NA
"AG","ATG","Antigua and Barbuda",2000,5.26315789473684,NA
"AG","ATG","Antigua and Barbuda",2001,5.26315789473684,NA
"AG","ATG","Antigua and Barbuda",2002,5.26315789473684,NA
"AG","ATG","Antigua and Barbuda",2003,5.26315789473684,NA
"AG","ATG","Antigua and Barbuda",2004,10.5263157894737,NA
"AG","ATG","Antigua and Barbuda",2005,10.5263157894737,NA
"AG","ATG","Antigua and Barbuda",2006,10.5263157894737,NA
"AG","ATG","Antigua and Barbuda",2007,10.5263157894737,NA
"AG","ATG","Antigua and Barbuda",2008,10.5263157894737,NA
"AG","ATG","Antigua and Barbuda",2009,10.5263157894737,NA
"AG","ATG","Antigua and Barbuda",2010,10.5263157894737,NA
"AG","ATG","Antigua and Barbuda",2011,10.5263157894737,NA
"AG","ATG","Antigua and Barbuda",2012,10.5263157894737,NA
"AG","ATG","Antigua and Barbuda",2013,10.5263157894737,NA
"AG","ATG","Antigua and Barbuda",2014,11.1111111111111,NA
"AG","ATG","Antigua and Barbuda",2015,11.1111111111111,NA
"AG","ATG","Antigua and Barbuda",2016,11.1111111111111,NA
"AG","ATG","Antigua and Barbuda",2017,11.1111111111111,NA
"AG","ATG","Antigua and Barbuda",2018,11.1111111111111,NA
"AG","ATG","Antigua and Barbuda",2019,11.1111111111111,NA
"AG","ATG","Antigua and Barbuda",2020,11.1111111111111,NA
"AG","ATG","Antigua and Barbuda",2021,11.1111111111111,NA
"AG","ATG","Antigua and Barbuda",2022,11.1111111111111,NA
"AG","ATG","Antigua and Barbuda",2023,5.55555555555556,NA
"AU","AUS","Australia",2000,22.972972972973,43.8381663556757
"AU","AUS","Australia",2001,NA,44.1655965484144
"AU","AUS","Australia",2002,25.3333333333333,44.2708013736693
"AU","AUS","Australia",2003,25.3333333333333,44.641377969827
"AU","AUS","Australia",2004,24.6666666666667,44.5360637126181
"AU","AUS","Australia",2005,24.6666666666667,44.8785823390265
"AU","AUS","Australia",2006,24.6666666666667,45.0346032247332
"AU","AUS","Australia",2007,26.6666666666667,45.1311981251528
"AU","AUS","Australia",2008,26.6666666666667,45.2453607748524
"AU","AUS","Australia",2009,27.3333333333333,45.3993241223728
"AU","AUS","Australia",2010,24.6666666666667,45.3195651762421
"AU","AUS","Australia",2011,24.6666666666667,45.5026695981224
"AU","AUS","Australia",2012,24.6666666666667,45.6261911162689
"AU","AUS","Australia",2013,26,45.7333917448342
"AU","AUS","Australia",2014,26,45.919060822246
"AU","AUS","Australia",2015,26.6666666666667,46.1133826979131
"AU","AUS","Australia",2016,28.6666666666667,46.4203066906294
"AU","AUS","Australia",2017,28.6666666666667,46.6097831437911
"AU","AUS","Australia",2018,28.6666666666667,46.7922606848335
"AU","AUS","Australia",2019,30.4635761589404,46.9004696379392
"AU","AUS","Australia",2020,30.4635761589404,46.9719920751401
"AU","AUS","Australia",2021,31.1258278145695,47.2317027663275
"AU","AUS","Australia",2022,38.4105960264901,47.4656229912911
"AU","AUS","Australia",2023,38.4105960264901,47.407414892407
"AT","AUT","Austria",2000,26.775956284153,43.7913668749812
"AT","AUT","Austria",2001,26.775956284153,44.015738211511
"AT","AUT","Austria",2002,NA,44.4730494368598
"AT","AUT","Austria",2003,33.879781420765,44.4867937044112
"AT","AUT","Austria",2004,33.879781420765,45.1235291851828
"AT","AUT","Austria",2005,33.879781420765,45.4653597709875
"AT","AUT","Austria",2006,32.2404371584699,45.631019165715
"AT","AUT","Austria",2007,32.7868852459016,45.6760851141474
"AT","AUT","Austria",2008,27.3224043715847,45.9044318307678
"AT","AUT","Austria",2009,27.8688524590164,46.2573649847916
"AT","AUT","Austria",2010,27.8688524590164,46.3654803389436
"AT","AUT","Austria",2011,27.8688524590164,46.5636724260198
"AT","AUT","Austria",2012,27.8688524590164,46.7200859353453
"AT","AUT","Austria",2013,33.3333333333333,46.7740746833511
"AT","AUT","Austria",2014,32.2404371584699,46.8933490383762
"AT","AUT","Austria",2015,30.6010928961749,46.7735524316646
"AT","AUT","Austria",2016,30.6010928961749,46.7377126761258
"AT","AUT","Austria",2017,34.4262295081967,46.7283681685929
"AT","AUT","Austria",2018,34.4262295081967,46.5823341303522
"AT","AUT","Austria",2019,39.344262295082,46.6606882394252
"AT","AUT","Austria",2020,39.344262295082,46.8190409388302
"AT","AUT","Austria",2021,40.4371584699454,46.7129957870693
"AT","AUT","Austria",2022,40.9836065573771,46.7968597733161
"AT","AUT","Austria",2023,40.9836065573771,46.9103936029029
"AZ","AZE","Azerbaijan",2000,NA,50.7565078906534
"AZ","AZE","Azerbaijan",2001,10.4838709677419,50.7762261763284
"AZ","AZE","Azerbaijan",2002,10.4838709677419,51.0827782099012
"AZ","AZE","Azerbaijan",2003,10.4838709677419,50.7406678444438
"AZ","AZE","Azerbaijan",2004,10.4838709677419,50.6837707871105
"AZ","AZE","Azerbaijan",2005,13.0434782608696,50.6964218092638
"AZ","AZE","Azerbaijan",2006,11.2903225806452,50.4931894941148
"AZ","AZE","Azerbaijan",2007,11.3821138211382,48.7803882593138
"AZ","AZE","Azerbaijan",2008,11.3821138211382,49.518747243268
"AZ","AZE","Azerbaijan",2009,11.3821138211382,50.8007389029462
"AZ","AZE","Azerbaijan",2010,16,52.3570243347329
"AZ","AZE","Azerbaijan",2011,16,51.7387566537209
"AZ","AZE","Azerbaijan",2012,16,51.2032131828047
"AZ","AZE","Azerbaijan",2013,15.5737704918033,51.0410432481809
"AZ","AZE","Azerbaijan",2014,15.5737704918033,51.049894340349
"AZ","AZE","Azerbaijan",2015,16.9354838709677,51.0883170048493
"AZ","AZE","Azerbaijan",2016,16.8,50.825631075067
"AZ","AZE","Azerbaijan",2017,16.8,50.398046833744
"AZ","AZE","Azerbaijan",2018,16.8,50.1984113371911
"AZ","AZE","Azerbaijan",2019,16.8067226890756,50.0298664272551
"AZ","AZE","Azerbaijan",2020,17.3553719008264,50.0126012088696
"AZ","AZE","Azerbaijan",2021,18.1818181818182,50.1052672724866
"AZ","AZE","Azerbaijan",2022,18.3333333333333,50.0082515848071
"AZ","AZE","Azerbaijan",2023,18.6440677966102,49.9437291620513
"BI","BDI","Burundi",2000,14.4067796610169,51.9528381261891
"BI","BDI","Burundi",2001,14.4067796610169,51.8903974643906
"BI","BDI","Burundi",2002,18.4357541899441,51.7937444063271
"BI","BDI","Burundi",2003,18.4357541899441,51.6531656834327
"BI","BDI","Burundi",2004,18.4357541899441,51.4624169037643
"BI","BDI","Burundi",2005,30.5084745762712,51.2369057973462
"BI","BDI","Burundi",2006,30.5084745762712,50.9742587967657
"BI","BDI","Burundi",2007,30.5084745762712,51.1802484840162
"BI","BDI","Burundi",2008,30.5084745762712,51.3510123080469
"BI","BDI","Burundi",2009,31.3559322033898,51.4671589761095
"BI","BDI","Burundi",2010,32.0754716981132,51.5714036951562
"BI","BDI","Burundi",2011,30.4761904761905,51.687168615649
"BI","BDI","Burundi",2012,30.4761904761905,51.7793527720361
"BI","BDI","Burundi",2013,30.4761904761905,51.8492046615644
"BI","BDI","Burundi",2014,30.4761904761905,51.9098892613542
"BI","BDI","Burundi",2015,36.3636363636364,51.7560854980217
"BI","BDI","Burundi",2016,36.3636363636364,51.6257579886898
"BI","BDI","Burundi",2017,36.3636363636364,51.5635266747828
"BI","BDI","Burundi",2018,36.3636363636364,51.5642301395233
"BI","BDI","Burundi",2019,36.3636363636364,51.617660291436
"BI","BDI","Burundi",2020,38.2113821138211,50.8777306441079
"BI","BDI","Burundi",2021,38.2113821138211,51.7543426204307
"BI","BDI","Burundi",2022,38.2113821138211,51.5809553729184
"BI","BDI","Burundi",2023,38.2113821138211,51.5914605622884
"BE","BEL","Belgium",2000,23.3333333333333,43.0722518869631
"BE","BEL","Belgium",2001,23.3333333333333,42.4314822445201
"BE","BEL","Belgium",2002,23.3333333333333,42.8753342963761
"BE","BEL","Belgium",2003,35.3333333333333,43.1087638516995
"BE","BEL","Belgium",2004,34.6666666666667,43.8230412105259
"BE","BEL","Belgium",2005,34.6666666666667,44.1637068967753
"BE","BEL","Belgium",2006,34.6666666666667,44.4301958502739
"BE","BEL","Belgium",2007,35.3333333333333,44.6950972798143
"BE","BEL","Belgium",2008,35.3333333333333,44.9631205961632
"BE","BEL","Belgium",2009,38,45.1209228737257
"BE","BEL","Belgium",2010,39.3333333333333,45.2789062130221
"BE","BEL","Belgium",2011,38,45.3374696877997
"BE","BEL","Belgium",2012,38,45.3434839727816
"BE","BEL","Belgium",2013,38,45.7109101971508
"BE","BEL","Belgium",2014,39.3333333333333,46.0456189929539
"BE","BEL","Belgium",2015,39.3333333333333,46.0942477395928
"BE","BEL","Belgium",2016,39.3333333333333,46.0051823904301
"BE","BEL","Belgium",2017,38,46.0059456159767
"BE","BEL","Belgium",2018,38,46.4550891972785
"BE","BEL","Belgium",2019,42,46.5370722409447
"BE","BEL","Belgium",2020,41.3333333333333,46.5278439061551
"BE","BEL","Belgium",2021,42,46.6328440425
"BE","BEL","Belgium",2022,42.6666666666667,46.8259081372071
"BE","BEL","Belgium",2023,42.6666666666667,46.7729961269504
"BJ","BEN","Benin",2000,6.02409638554217,45.678022631846
"BJ","BEN","Benin",2001,6.02409638554217,46.2931690052993
"BJ","BEN","Benin",2002,6.02409638554217,46.9278758353743
"BJ","BEN","Benin",2003,6.02409638554217,47.1808273434765
"BJ","BEN","Benin",2004,7.2289156626506,47.43319513182
"BJ","BEN","Benin",2005,7.2289156626506,47.7233123427759
"BJ","BEN","Benin",2006,7.2289156626506,48.0079437181572
"BJ","BEN","Benin",2007,10.8433734939759,48.2551276406913
"BJ","BEN","Benin",2008,10.8433734939759,48.5054500049523
"BJ","BEN","Benin",2009,10.8433734939759,48.7616862854829
"BJ","BEN","Benin",2010,10.8433734939759,49.0213422452813
"BJ","BEN","Benin",2011,8.43373493975904,49.2854119533364
"BJ","BEN","Benin",2012,8.43373493975904,49.3633163599824
"BJ","BEN","Benin",2013,8.43373493975904,49.4363355231745
"BJ","BEN","Benin",2014,8.43373493975904,49.5082043463542
"BJ","BEN","Benin",2015,7.2289156626506,49.5798356655819
"BJ","BEN","Benin",2016,7.2289156626506,49.6540029572955
"BJ","BEN","Benin",2017,7.2289156626506,49.729591440129
"BJ","BEN","Benin",2018,7.2289156626506,49.8057677882285
"BJ","BEN","Benin",2019,7.2289156626506,49.882641405475
"BJ","BEN","Benin",2020,7.2289156626506,49.5555223312874
"BJ","BEN","Benin",2021,8.43373493975904,49.4474420472129
"BJ","BEN","Benin",2022,7.40740740740741,49.2001971399562
"BJ","BEN","Benin",2023,26.605504587156,49.2868749073511
"BF","BFA","Burkina Faso",2000,8.10810810810811,48.9965352021247
"BF","BFA","Burkina Faso",2001,8.10810810810811,48.8531731552744
"BF","BFA","Burkina Faso",2002,11.7117117117117,48.7010115635912
"BF","BFA","Burkina Faso",2003,11.7117117117117,48.549915679374
"BF","BFA","Burkina Faso",2004,11.7117117117117,48.4035450940234
"BF","BFA","Burkina Faso",2005,11.7117117117117,48.2709616449592
"BF","BFA","Burkina Faso",2006,11.7117117117117,48.1690973494487
"BF","BFA","Burkina Faso",2007,15.3153153153153,48.1115221203062
"BF","BFA","Burkina Faso",2008,15.3153153153153,48.092176214799
"BF","BFA","Burkina Faso",2009,15.3153153153153,48.0836539477455
"BF","BFA","Burkina Faso",2010,15.3153153153153,48.0735420180631
"BF","BFA","Burkina Faso",2011,15.3153153153153,48.0546561823866
"BF","BFA","Burkina Faso",2012,15.748031496063,48.0143165055178
"BF","BFA","Burkina Faso",2013,15.748031496063,47.9722002183311
"BF","BFA","Burkina Faso",2014,NA,47.9267307727457
"BF","BFA","Burkina Faso",2015,9.44881889763779,47.8689683622474
"BF","BFA","Burkina Faso",2016,9.44881889763779,47.8028278912831
"BF","BFA","Burkina Faso",2017,11.0236220472441,47.7343253990354
"BF","BFA","Burkina Faso",2018,11.0236220472441,47.6804619695163
"BF","BFA","Burkina Faso",2019,13.3858267716535,47.637068604628
"BF","BFA","Burkina Faso",2020,6.2992125984252,47.1010769418901
"BF","BFA","Burkina Faso",2021,6.2992125984252,46.5969755801954
"BF","BFA","Burkina Faso",2022,16.9014084507042,46.0365890758289
"BF","BFA","Burkina Faso",2023,16.9014084507042,46.2742367309591
"BD","BGD","Bangladesh",2000,9.09090909090909,24.1938741039696
"BD","BGD","Bangladesh",2001,NA,24.4065736952648
"BD","BGD","Bangladesh",2002,2,24.5727031157548
"BD","BGD","Bangladesh",2003,2,24.7265292674138
"BD","BGD","Bangladesh",2004,2,24.8819860109572
"BD","BGD","Bangladesh",2005,14.7826086956522,25.0452089201612
"BD","BGD","Bangladesh",2006,15.0724637681159,25.1963863265882
"BD","BGD","Bangladesh",2007,NA,26.5761002360834
"BD","BGD","Bangladesh",2008,6.33333333333333,28.0008077849927
"BD","BGD","Bangladesh",2009,18.5507246376812,29.4660663191172
"BD","BGD","Bangladesh",2010,18.5507246376812,30.9669645258127
"BD","BGD","Bangladesh",2011,19.7142857142857,30.6960076812323
"BD","BGD","Bangladesh",2012,19.7142857142857,30.3991525342479
"BD","BGD","Bangladesh",2013,19.7142857142857,30.0967735039524
"BD","BGD","Bangladesh",2014,19.8275862068966,30.3222496341607
"BD","BGD","Bangladesh",2015,20,30.5528198510496
"BD","BGD","Bangladesh",2016,20,30.7886799752479
"BD","BGD","Bangladesh",2017,20.2857142857143,32.4425972668918
"BD","BGD","Bangladesh",2018,20.2857142857143,33.3221396251419
"BD","BGD","Bangladesh",2019,20.6303724928367,34.132347437745
"BD","BGD","Bangladesh",2020,20.9169054441261,34.8515284898563
"BD","BGD","Bangladesh",2021,20.8571428571429,35.7115673392244
"BD","BGD","Bangladesh",2022,20.8571428571429,36.5470471565248
"BD","BGD","Bangladesh",2023,20.8571428571429,35.6172233897572
"BG","BGR","Bulgaria",2000,10.8333333333333,45.9018046379072
"BG","BGR","Bulgaria",2001,26.25,46.9287766667601
"BG","BGR","Bulgaria",2002,26.25,46.9425231843799
"BG","BGR","Bulgaria",2003,26.25,46.3160107149476
"BG","BGR","Bulgaria",2004,26.25,46.4980210252199
"BG","BGR","Bulgaria",2005,22.0833333333333,46.1266697339739
"BG","BGR","Bulgaria",2006,22.0833333333333,46.5466416012851
"BG","BGR","Bulgaria",2007,21.6666666666667,46.4992750087696
"BG","BGR","Bulgaria",2008,21.6666666666667,46.1859745940273
"BG","BGR","Bulgaria",2009,20.8333333333333,46.0119304032107
"BG","BGR","Bulgaria",2010,20.8333333333333,46.2871992608331
"BG","BGR","Bulgaria",2011,20.8333333333333,46.5105172399854
"BG","BGR","Bulgaria",2012,22.9166666666667,46.6934596989298
"BG","BGR","Bulgaria",2013,24.5833333333333,46.5891595402842
"BG","BGR","Bulgaria",2014,20,46.4512856577145
"BG","BGR","Bulgaria",2015,20.4166666666667,46.5956811030772
"BG","BGR","Bulgaria",2016,20.4166666666667,46.1580796078755
"BG","BGR","Bulgaria",2017,23.75,46.475147158642
"BG","BGR","Bulgaria",2018,23.75,46.1854663566434
"BG","BGR","Bulgaria",2019,25.8333333333333,46.2396942179196
"BG","BGR","Bulgaria",2020,26.6666666666667,46.12031781486
"BG","BGR","Bulgaria",2021,23.75,46.2499728302391
"BG","BGR","Bulgaria",2022,24.1666666666667,46.6459223709492
"BG","BGR","Bulgaria",2023,24.1666666666667,46.7338413170357
"BH","BHR","Bahrain",2000,NA,19.7777777777778
"BH","BHR","Bahrain",2001,NA,20.0370870734337
"BH","BHR","Bahrain",2002,NA,20.1755823690508
"BH","BHR","Bahrain",2003,0,20.2993375316922
"BH","BHR","Bahrain",2004,0,20.4293125423189
"BH","BHR","Bahrain",2005,0,20.5111447981584
"BH","BHR","Bahrain",2006,2.5,20.5906726116607
"BH","BHR","Bahrain",2007,2.5,20.6824521381528
"BH","BHR","Bahrain",2008,2.5,20.8047985014647
"BH","BHR","Bahrain",2009,2.5,20.9757977376967
"BH","BHR","Bahrain",2010,2.5,21.2797640252504
"BH","BHR","Bahrain",2011,10,20.8355970237392
"BH","BHR","Bahrain",2012,10,20.5884982551265
"BH","BHR","Bahrain",2013,10,20.826105810928
"BH","BHR","Bahrain",2014,7.5,21.4551167495801
"BH","BHR","Bahrain",2015,7.5,21.5127176918139
"BH","BHR","Bahrain",2016,7.5,20.9416290145317
"BH","BHR","Bahrain",2017,7.5,20.4624009562802
"BH","BHR","Bahrain",2018,15,20.5084531048461
"BH","BHR","Bahrain",2019,15,20.6121260584699
"BH","BHR","Bahrain",2020,15,20.6924851143996
"BH","BHR","Bahrain",2021,15,21.1476406714621
"BH","BHR","Bahrain",2022,20,21.2765834769031
"BH","BHR","Bahrain",2023,20,21.1745923491847
"BS","BHS","Bahamas, The",2000,15,46.7613606944996
"BS","BHS","Bahamas, The",2001,15,46.9587999298337
"BS","BHS","Bahamas, The",2002,NA,47.1494281036653
"BS","BHS","Bahamas, The",2003,20,47.3550230747754
"BS","BHS","Bahamas, The",2004,20,47.5688206628729
"BS","BHS","Bahamas, The",2005,20,47.7763914735239
"BS","BHS","Bahamas, The",2006,20,47.9985672534352
"BS","BHS","Bahamas, The",2007,12.1951219512195,48.235820698144
"BS","BHS","Bahamas, The",2008,12.1951219512195,48.4566916573616
"BS","BHS","Bahamas, The",2009,12.1951219512195,48.6668591308773
"BS","BHS","Bahamas, The",2010,12.1951219512195,48.8774735466262
"BS","BHS","Bahamas, The",2011,12.1951219512195,49.0745944414272
"BS","BHS","Bahamas, The",2012,13.1578947368421,49.2498105347338
"BS","BHS","Bahamas, The",2013,13.1578947368421,49.4146808578877
"BS","BHS","Bahamas, The",2014,13.1578947368421,49.5773451583318
"BS","BHS","Bahamas, The",2015,13.1578947368421,49.7394126642324
"BS","BHS","Bahamas, The",2016,13.1578947368421,49.9029339907116
"BS","BHS","Bahamas, The",2017,12.8205128205128,50.0673883744185
"BS","BHS","Bahamas, The",2018,12.8205128205128,50.2321745368322
"BS","BHS","Bahamas, The",2019,12.8205128205128,50.3847379490557
"BS","BHS","Bahamas, The",2020,12.8205128205128,50.4083099837782
"BS","BHS","Bahamas, The",2021,17.9487179487179,50.5981734546253
"BS","BHS","Bahamas, The",2022,17.9487179487179,50.4501043841336
"BS","BHS","Bahamas, The",2023,17.9487179487179,50.6111630291853
"BA","BIH","Bosnia and Herzegovina",2000,NA,41.404355465122
"BA","BIH","Bosnia and Herzegovina",2001,7.14285714285714,41.4018545559599
"BA","BIH","Bosnia and Herzegovina",2002,NA,41.5258365412675
"BA","BIH","Bosnia and Herzegovina",2003,16.6666666666667,41.5144531051678
"BA","BIH","Bosnia and Herzegovina",2004,16.6666666666667,41.5562578012118
"BA","BIH","Bosnia and Herzegovina",2005,16.6666666666667,41.5533109121483
"BA","BIH","Bosnia and Herzegovina",2006,14.2857142857143,41.6434200502138
"BA","BIH","Bosnia and Herzegovina",2007,11.9047619047619,41.7034340887682
"BA","BIH","Bosnia and Herzegovina",2008,11.9047619047619,41.7557855523731
"BA","BIH","Bosnia and Herzegovina",2009,19.047619047619,41.7146513115803
"BA","BIH","Bosnia and Herzegovina",2010,16.6666666666667,41.7560273261059
"BA","BIH","Bosnia and Herzegovina",2011,21.4285714285714,41.5275658278933
"BA","BIH","Bosnia and Herzegovina",2012,21.4285714285714,41.5167279934579
"BA","BIH","Bosnia and Herzegovina",2013,21.4285714285714,41.5156381975825
"BA","BIH","Bosnia and Herzegovina",2014,21.4285714285714,41.4252073442248
"BA","BIH","Bosnia and Herzegovina",2015,21.4285714285714,41.4060328651921
"BA","BIH","Bosnia and Herzegovina",2016,21.4285714285714,41.3915013873397
"BA","BIH","Bosnia and Herzegovina",2017,21.4285714285714,41.4723858191219
"BA","BIH","Bosnia and Herzegovina",2018,21.4285714285714,41.5120351116485
"BA","BIH","Bosnia and Herzegovina",2019,21.4285714285714,41.6040496885947
"BA","BIH","Bosnia and Herzegovina",2020,26.1904761904762,41.5336315250994
"BA","BIH","Bosnia and Herzegovina",2021,26.1904761904762,41.634063480475
"BA","BIH","Bosnia and Herzegovina",2022,16.6666666666667,41.8930401136452
"BA","BIH","Bosnia and Herzegovina",2023,19.0476190476191,42.4571473743846
"BY","BLR","Belarus",2000,NA,48.8606304920335
"BY","BLR","Belarus",2001,10.3092783505155,49.0444026659583
"BY","BLR","Belarus",2002,10.3092783505155,49.1944213715643
"BY","BLR","Belarus",2003,10.3092783505155,49.3209246302077
"BY","BLR","Belarus",2004,29.3577981651376,49.4100804101427
"BY","BLR","Belarus",2005,29.0909090909091,49.4854360789108
"BY","BLR","Belarus",2006,29.0909090909091,49.5636946318866
"BY","BLR","Belarus",2007,29.0909090909091,49.6191272898498
"BY","BLR","Belarus",2008,31.8181818181818,49.6551167529381
"BY","BLR","Belarus",2009,31.8181818181818,49.6670720403103
"BY","BLR","Belarus",2010,31.8181818181818,49.6739111367689
"BY","BLR","Belarus",2011,31.8181818181818,49.6959599626595
"BY","BLR","Belarus",2012,26.605504587156,49.719052121988
"BY","BLR","Belarus",2013,26.605504587156,49.7160426719668
"BY","BLR","Belarus",2014,26.605504587156,49.7013584849555
"BY","BLR","Belarus",2015,27.2727272727273,49.6775499722504
"BY","BLR","Belarus",2016,34.5454545454545,49.6439493979097
"BY","BLR","Belarus",2017,34.5454545454545,49.4285960082926
"BY","BLR","Belarus",2018,34.5454545454545,49.0362702542918
"BY","BLR","Belarus",2019,40,49.3117423892659
"BY","BLR","Belarus",2020,40,49.1616882329658
"BY","BLR","Belarus",2021,40,49.3105509396553
"BY","BLR","Belarus",2022,40,49.1755850842611
"BY","BLR","Belarus",2023,40,49.1052590225869
"BZ","BLZ","Belize",2000,6.89655172413793,33.2714358664872
"BZ","BLZ","Belize",2001,6.89655172413793,33.5755377271362
"BZ","BLZ","Belize",2002,6.89655172413793,33.8836528392212
"BZ","BLZ","Belize",2003,3.33333333333333,34.2024760301394
"BZ","BLZ","Belize",2004,6.66666666666667,34.5235746695601
"BZ","BLZ","Belize",2005,6.66666666666667,34.8497634331118
"BZ","BLZ","Belize",2006,6.66666666666667,35.1808459231029
"BZ","BLZ","Belize",2007,3.33333333333333,35.5158138474222
"BZ","BLZ","Belize",2008,0,35.8506175028068
"BZ","BLZ","Belize",2009,0,36.1871246169976
"BZ","BLZ","Belize",2010,0,36.4668977008707
"BZ","BLZ","Belize",2011,0,36.6913952174732
"BZ","BLZ","Belize",2012,3.125,36.9238698811624
"BZ","BLZ","Belize",2013,3.125,37.158722489479
"BZ","BLZ","Belize",2014,3.125,37.3309601397151
"BZ","BLZ","Belize",2015,3.125,37.7569503084371
"BZ","BLZ","Belize",2016,3.125,38.125766529156
"BZ","BLZ","Belize",2017,9.375,37.8567734330836
"BZ","BLZ","Belize",2018,9.375,40.0433696791313
"BZ","BLZ","Belize",2019,9.375,40.8450333357909
"BZ","BLZ","Belize",2020,9.67741935483871,37.8923191333934
"BZ","BLZ","Belize",2021,12.5,38.7858061498889
"BZ","BLZ","Belize",2022,12.5,37.2802503190745
"BZ","BLZ","Belize",2023,15.625,38.0837284607378
"BM","BMU","Bermuda",2000,NA,NA
"BM","BMU","Bermuda",2001,NA,NA
"BM","BMU","Bermuda",2002,NA,NA
"BM","BMU","Bermuda",2003,NA,NA
"BM","BMU","Bermuda",2004,NA,NA
"BM","BMU","Bermuda",2005,NA,NA
"BM","BMU","Bermuda",2006,NA,NA
"BM","BMU","Bermuda",2007,NA,NA
"BM","BMU","Bermuda",2008,NA,NA
"BM","BMU","Bermuda",2009,NA,NA
"BM","BMU","Bermuda",2010,NA,NA
"BM","BMU","Bermuda",2011,NA,NA
"BM","BMU","Bermuda",2012,NA,NA
"BM","BMU","Bermuda",2013,NA,NA
"BM","BMU","Bermuda",2014,NA,NA
"BM","BMU","Bermuda",2015,NA,NA
"BM","BMU","Bermuda",2016,NA,NA
"BM","BMU","Bermuda",2017,NA,NA
"BM","BMU","Bermuda",2018,NA,NA
"BM","BMU","Bermuda",2019,NA,NA
"BM","BMU","Bermuda",2020,NA,NA
"BM","BMU","Bermuda",2021,NA,NA
"BM","BMU","Bermuda",2022,NA,NA
"BM","BMU","Bermuda",2023,NA,NA
"BO","BOL","Bolivia",2000,11.5384615384615,41.7373974321484
"BO","BOL","Bolivia",2001,11.5384615384615,41.6533065422967
"BO","BOL","Bolivia",2002,18.4615384615385,41.6275434786857
"BO","BOL","Bolivia",2003,18.4615384615385,41.6531886169516
"BO","BOL","Bolivia",2004,19.2307692307692,41.6825980664793
"BO","BOL","Bolivia",2005,16.9230769230769,41.7143983674426
"BO","BOL","Bolivia",2006,16.9230769230769,41.7472582034463
"BO","BOL","Bolivia",2007,16.9230769230769,41.7828197808715
"BO","BOL","Bolivia",2008,16.9230769230769,41.8196823340773
"BO","BOL","Bolivia",2009,22.3076923076923,41.8562436849209
"BO","BOL","Bolivia",2010,25.3846153846154,41.8926968824523
"BO","BOL","Bolivia",2011,25.3846153846154,41.9294401097727
"BO","BOL","Bolivia",2012,25.3846153846154,41.9679646982496
"BO","BOL","Bolivia",2013,25.3846153846154,42.0057594754997
"BO","BOL","Bolivia",2014,53.0769230769231,42.0441641429308
"BO","BOL","Bolivia",2015,53.0769230769231,42.0826594276209
"BO","BOL","Bolivia",2016,53.0769230769231,42.1214529396182
"BO","BOL","Bolivia",2017,53.0769230769231,42.9518585257259
"BO","BOL","Bolivia",2018,53.0769230769231,44.1698363336761
"BO","BOL","Bolivia",2019,53.0769230769231,44.5905753682301
"BO","BOL","Bolivia",2020,46.1538461538462,44.987576685424
"BO","BOL","Bolivia",2021,46.1538461538462,45.7911397033539
"BO","BOL","Bolivia",2022,46.1538461538462,45.9987289893182
"BO","BOL","Bolivia",2023,46.1538461538462,46.4193416260281
"BR","BRA","Brazil",2000,5.65302144249513,40.0258817808456
"BR","BRA","Brazil",2001,6.82261208576998,40.7539875213963
"BR","BRA","Brazil",2002,6.23781676413255,41.4212499918282
"BR","BRA","Brazil",2003,8.57699805068226,41.6420844712393
"BR","BRA","Brazil",2004,8.57699805068226,42.0246555184454
"BR","BRA","Brazil",2005,8.57699805068226,42.5277020778649
"BR","BRA","Brazil",2006,8.7719298245614,42.5255140460103
"BR","BRA","Brazil",2007,8.96686159844054,42.6041384430644
"BR","BRA","Brazil",2008,8.96686159844054,42.5103648708704
"BR","BRA","Brazil",2009,8.7719298245614,42.7818405020367
"BR","BRA","Brazil",2010,8.57699805068226,42.4400401697802
"BR","BRA","Brazil",2011,8.57699805068226,42.085094445273
"BR","BRA","Brazil",2012,8.57699805068226,41.8908934119707
"BR","BRA","Brazil",2013,8.57699805068226,41.9291063161246
"BR","BRA","Brazil",2014,9.94152046783626,42.033097551076
"BR","BRA","Brazil",2015,9.94152046783626,42.3754441598679
"BR","BRA","Brazil",2016,9.94152046783626,42.5375348108722
"BR","BRA","Brazil",2017,10.7212475633528,43.0557704870793
"BR","BRA","Brazil",2018,15.009746588694,43.2677330746062
"BR","BRA","Brazil",2019,15.009746588694,43.596293445255
"BR","BRA","Brazil",2020,14.6198830409357,42.5816100206282
"BR","BRA","Brazil",2021,15.2046783625731,43.0075756040014
"BR","BRA","Brazil",2022,17.7387914230019,43.4208190589127
"BR","BRA","Brazil",2023,17.5438596491228,43.3245861425663
"BB","BRB","Barbados",2000,10.7142857142857,48.2144240998147
"BB","BRB","Barbados",2001,10.7142857142857,48.2837897511022
"BB","BRB","Barbados",2002,10.7142857142857,48.4012395430922
"BB","BRB","Barbados",2003,13.3333333333333,48.5065011128031
"BB","BRB","Barbados",2004,13.3333333333333,48.6087681144692
"BB","BRB","Barbados",2005,13.3333333333333,48.7587219483284
"BB","BRB","Barbados",2006,13.3333333333333,48.9177663071495
"BB","BRB","Barbados",2007,13.3333333333333,49.0865877528195
"BB","BRB","Barbados",2008,10,49.2604795778336
"BB","BRB","Barbados",2009,10,49.4279176201373
"BB","BRB","Barbados",2010,10,49.540320982762
"BB","BRB","Barbados",2011,10,49.6107203652631
"BB","BRB","Barbados",2012,10,49.2660250638602
"BB","BRB","Barbados",2013,16.6666666666667,49.5824525006893
"BB","BRB","Barbados",2014,16.6666666666667,50.3922768190283
"BB","BRB","Barbados",2015,16.6666666666667,49.8440973916816
"BB","BRB","Barbados",2016,16.6666666666667,49.9666190431683
"BB","BRB","Barbados",2017,16.6666666666667,49.847800569007
"BB","BRB","Barbados",2018,20,49.4450057161088
"BB","BRB","Barbados",2019,20,49.9926310007101
"BB","BRB","Barbados",2020,20,49.8311089141539
"BB","BRB","Barbados",2021,20,49.778568166406
"BB","BRB","Barbados",2022,26.6666666666667,49.2564945546544
"BB","BRB","Barbados",2023,26.6666666666667,49.5358878208514
"BN","BRN","Brunei Darussalam",2000,NA,36.5123841595866
"BN","BRN","Brunei Darussalam",2001,NA,37.0777641636761
"BN","BRN","Brunei Darussalam",2002,NA,37.3207882595524
"BN","BRN","Brunei Darussalam",2003,NA,37.5598269213787
"BN","BRN","Brunei Darussalam",2004,NA,37.7961704472403
"BN","BRN","Brunei Darussalam",2005,NA,38.0389036152005
"BN","BRN","Brunei Darussalam",2006,NA,38.2941879199044
"BN","BRN","Brunei Darussalam",2007,NA,38.6744347582612
"BN","BRN","Brunei Darussalam",2008,NA,39.1533970276009
"BN","BRN","Brunei Darussalam",2009,NA,39.6073945225372
"BN","BRN","Brunei Darussalam",2010,NA,40.0387799698378
"BN","BRN","Brunei Darussalam",2011,NA,40.3751308478944
"BN","BRN","Brunei Darussalam",2012,NA,40.5475428803109
"BN","BRN","Brunei Darussalam",2013,NA,40.643061474692
"BN","BRN","Brunei Darussalam",2014,NA,40.7446436526146
"BN","BRN","Brunei Darussalam",2015,NA,40.850453443053
"BN","BRN","Brunei Darussalam",2016,6.45161290322581,40.9609302325581
"BN","BRN","Brunei Darussalam",2017,9.09090909090909,41.078775369797
"BN","BRN","Brunei Darussalam",2018,9.09090909090909,40.4454693938978
"BN","BRN","Brunei Darussalam",2019,9.09090909090909,39.5114281502789
"BN","BRN","Brunei Darussalam",2020,9.09090909090909,39.5573485490126
"BN","BRN","Brunei Darussalam",2021,9.09090909090909,39.8265480956848
"BN","BRN","Brunei Darussalam",2022,9.09090909090909,38.9625352712791
"BN","BRN","Brunei Darussalam",2023,11.7647058823529,39.420363977326
"BT","BTN","Bhutan",2000,9.33333333333333,40.0365473671058
"BT","BTN","Bhutan",2001,9.33333333333333,40.2531473956548
"BT","BTN","Bhutan",2002,9.33333333333333,40.5041601928355
"BT","BTN","Bhutan",2003,9.33333333333333,40.7913699262638
"BT","BTN","Bhutan",2004,9.21052631578947,41.1164041128195
"BT","BTN","Bhutan",2005,9.33333333333333,41.4802076615924
"BT","BTN","Bhutan",2006,2.66666666666667,41.8647774819323
"BT","BTN","Bhutan",2007,2.66666666666667,42.2314566134881
"BT","BTN","Bhutan",2008,8.51063829787234,42.5482970947684
"BT","BTN","Bhutan",2009,8.51063829787234,42.8016760850344
"BT","BTN","Bhutan",2010,8.51063829787234,42.2652735882043
"BT","BTN","Bhutan",2011,8.51063829787234,42.0657094927096
"BT","BTN","Bhutan",2012,8.51063829787234,44.5518965480802
"BT","BTN","Bhutan",2013,6.38297872340426,40.5293408407178
"BT","BTN","Bhutan",2014,8.51063829787234,39.1749885189954
"BT","BTN","Bhutan",2015,8.51063829787234,39.6084068399989
"BT","BTN","Bhutan",2016,8.51063829787234,39.6796608309411
"BT","BTN","Bhutan",2017,8.51063829787234,39.7920349322107
"BT","BTN","Bhutan",2018,14.8936170212766,39.9382697014126
"BT","BTN","Bhutan",2019,14.8936170212766,41.8134063524558
"BT","BTN","Bhutan",2020,14.8936170212766,42.5935597040472
"BT","BTN","Bhutan",2021,17.0212765957447,43.1486697512315
"BT","BTN","Bhutan",2022,17.3913043478261,38.2896579732481
"BT","BTN","Bhutan",2023,17.3913043478261,40.1358222452523
"BW","BWA","Botswana",2000,17.0212765957447,43.7810197767071
"BW","BWA","Botswana",2001,17.0212765957447,44.063986992181
"BW","BWA","Botswana",2002,17.0212765957447,44.3699123622074
"BW","BWA","Botswana",2003,17.0212765957447,44.6910870274819
"BW","BWA","Botswana",2004,11.1111111111111,45.0234218416849
"BW","BWA","Botswana",2005,11.1111111111111,45.3748946449269
"BW","BWA","Botswana",2006,11.1111111111111,45.7428063280161
"BW","BWA","Botswana",2007,11.1111111111111,45.7099207259364
"BW","BWA","Botswana",2008,11.1111111111111,45.7112667223286
"BW","BWA","Botswana",2009,7.93650793650794,45.7499603904888
"BW","BWA","Botswana",2010,7.93650793650794,45.5929805756875
"BW","BWA","Botswana",2011,7.93650793650794,45.7371535324693
"BW","BWA","Botswana",2012,7.93650793650794,45.8436720913006
"BW","BWA","Botswana",2013,7.93650793650794,45.8771153441746
"BW","BWA","Botswana",2014,9.52380952380952,45.9032729828698
"BW","BWA","Botswana",2015,9.52380952380952,45.9246051111825
"BW","BWA","Botswana",2016,9.52380952380952,45.9472374553981
"BW","BWA","Botswana",2017,9.52380952380952,45.9766654041103
"BW","BWA","Botswana",2018,9.52380952380952,46.0154292366277
"BW","BWA","Botswana",2019,10.7692307692308,46.0654048374394
"BW","BWA","Botswana",2020,10.7692307692308,46.0836702660947
"BW","BWA","Botswana",2021,10.7692307692308,46.2925139863245
"BW","BWA","Botswana",2022,11.1111111111111,46.6243129805382
"BW","BWA","Botswana",2023,11.1111111111111,46.7765184777595
"CF","CAF","Central African Republic",2000,7.3394495412844,45.0855884183181
"CF","CAF","Central African Republic",2001,7.3394495412844,45.1566040164779
"CF","CAF","Central African Republic",2002,7.3394495412844,45.2394084518557
"CF","CAF","Central African Republic",2003,NA,45.3013413711454
"CF","CAF","Central African Republic",2004,NA,45.3328341893652
"CF","CAF","Central African Republic",2005,10.4761904761905,45.3628240822265
"CF","CAF","Central African Republic",2006,10.4761904761905,45.3559612195009
"CF","CAF","Central African Republic",2007,10.4761904761905,45.3249480856843
"CF","CAF","Central African Republic",2008,10.4761904761905,45.3054700777206
"CF","CAF","Central African Republic",2009,9.61538461538462,46.1393363393062
"CF","CAF","Central African Republic",2010,9.61538461538462,47.0184740483606
"CF","CAF","Central African Republic",2011,12.5,46.9446877278155
"CF","CAF","Central African Republic",2012,12.5,46.7818843290687
"CF","CAF","Central African Republic",2013,NA,46.6352548829563
"CF","CAF","Central African Republic",2014,NA,46.601436506219
"CF","CAF","Central African Republic",2015,NA,46.6181555505937
"CF","CAF","Central African Republic",2016,7.19424460431655,46.6142925212735
"CF","CAF","Central African Republic",2017,8.57142857142857,46.6832392301561
"CF","CAF","Central African Republic",2018,8.57142857142857,46.7424085955292
"CF","CAF","Central African Republic",2019,8.57142857142857,47.0135190185826
"CF","CAF","Central African Republic",2020,8.57142857142857,47.2667469110551
"CF","CAF","Central African Republic",2021,12.8571428571429,47.4563487892695
"CF","CAF","Central African Republic",2022,12.8571428571429,48.1649578462919
"CF","CAF","Central African Republic",2023,12.8571428571429,48.732448415775
"CA","CAN","Canada",2000,NA,45.7476445646897
"CA","CAN","Canada",2001,20.5980066445183,45.8707619007104
"CA","CAN","Canada",2002,20.5980066445183,46.0824152807611
"CA","CAN","Canada",2003,20.5980066445183,46.3435972861194
"CA","CAN","Canada",2004,21.1038961038961,46.4602102119209
"CA","CAN","Canada",2005,21.1038961038961,46.4460713231795
"CA","CAN","Canada",2006,20.7792207792208,46.5828587102926
"CA","CAN","Canada",2007,21.3114754098361,46.769076817619
"CA","CAN","Canada",2008,22.0779220779221,46.759511627176
"CA","CAN","Canada",2009,22.0779220779221,46.9695903700856
"CA","CAN","Canada",2010,22.0779220779221,47.1025209491092
"CA","CAN","Canada",2011,24.7557003257329,47.0131623248758
"CA","CAN","Canada",2012,24.6753246753247,47.0744841260768
"CA","CAN","Canada",2013,24.6753246753247,47.119866490403
"CA","CAN","Canada",2014,25.0814332247557,46.997935322841
"CA","CAN","Canada",2015,26.0355029585799,46.9006106075801
"CA","CAN","Canada",2016,26.0355029585799,46.9985587796476
"CA","CAN","Canada",2017,26.2686567164179,47.0217857561568
"CA","CAN","Canada",2018,26.9461077844311,47.0882590354533
"CA","CAN","Canada",2019,28.9940828402367,47.0977793387176
"CA","CAN","Canada",2020,28.9940828402367,46.863798798098
"CA","CAN","Canada",2021,30.4733727810651,47.047737437524
"CA","CAN","Canada",2022,30.4733727810651,47.3471212961886
"CA","CAN","Canada",2023,30.6547619047619,47.3398705882745
"CH","CHE","Switzerland",2000,23,44.2258772379976
"CH","CHE","Switzerland",2001,23,44.8152455760078
"CH","CHE","Switzerland",2002,23,45.219790095308
"CH","CHE","Switzerland",2003,25,45.2289512911095
"CH","CHE","Switzerland",2004,25,45.3111812569471
"CH","CHE","Switzerland",2005,25,45.6490256139121
"CH","CHE","Switzerland",2006,25,45.6738407693257
"CH","CHE","Switzerland",2007,28.5,45.5610148613116
"CH","CHE","Switzerland",2008,28.5,46.1185777776166
"CH","CHE","Switzerland",2009,29,46.2353258368385
"CH","CHE","Switzerland",2010,29,45.8072442486759
"CH","CHE","Switzerland",2011,28.5,45.8483419570709
"CH","CHE","Switzerland",2012,29,45.9742729659421
"CH","CHE","Switzerland",2013,31,46.1385795188843
"CH","CHE","Switzerland",2014,31,46.4099575368145
"CH","CHE","Switzerland",2015,32,46.4895458957203
"CH","CHE","Switzerland",2016,32,46.5507923323924
"CH","CHE","Switzerland",2017,32.5,46.4208581450115
"CH","CHE","Switzerland",2018,32.5,46.6082699120322
"CH","CHE","Switzerland",2019,41.5,46.8219696779475
"CH","CHE","Switzerland",2020,41.5,46.7080593941673
"CH","CHE","Switzerland",2021,42.5,46.8533479687384
"CH","CHE","Switzerland",2022,41.5,46.7671754771035
"CH","CHE","Switzerland",2023,38.5,46.823273239064
"JG","CHI","Channel Islands",2000,NA,43.3397391901167
"JG","CHI","Channel Islands",2001,NA,43.4985470470266
"JG","CHI","Channel Islands",2002,NA,43.877371631033
"JG","CHI","Channel Islands",2003,NA,44.0458475769153
"JG","CHI","Channel Islands",2004,NA,44.0156079951159
"JG","CHI","Channel Islands",2005,NA,44.1984242471913
"JG","CHI","Channel Islands",2006,NA,44.2979778958168
"JG","CHI","Channel Islands",2007,NA,44.422008437082
"JG","CHI","Channel Islands",2008,NA,44.411745971081
"JG","CHI","Channel Islands",2009,NA,44.4629727886
"JG","CHI","Channel Islands",2010,NA,44.960940906769
"JG","CHI","Channel Islands",2011,NA,44.4211367495755
"JG","CHI","Channel Islands",2012,NA,44.4180434379061
"JG","CHI","Channel Islands",2013,NA,44.8443879753784
"JG","CHI","Channel Islands",2014,NA,44.0825954330456
"JG","CHI","Channel Islands",2015,NA,44.1065338469465
"JG","CHI","Channel Islands",2016,NA,44.4101811062163
"JG","CHI","Channel Islands",2017,NA,44.4644233239147
"JG","CHI","Channel Islands",2018,NA,44.5292651944499
"JG","CHI","Channel Islands",2019,NA,44.681680328368
"JG","CHI","Channel Islands",2020,NA,44.6551936078672
"JG","CHI","Channel Islands",2021,NA,44.7593309473377
"JG","CHI","Channel Islands",2022,NA,44.85423465612
"JG","CHI","Channel Islands",2023,NA,44.5877672556868
"CL","CHL","Chile",2000,10.8333333333333,34.2107714810822
"CL","CHL","Chile",2001,10.8333333333333,33.8682924564894
"CL","CHL","Chile",2002,12.5,33.9199666578434
"CL","CHL","Chile",2003,12.5,34.8422913773609
"CL","CHL","Chile",2004,12.5,35.8968070829842
"CL","CHL","Chile",2005,15,36.5086332469467
"CL","CHL","Chile",2006,15,36.8002736010483
"CL","CHL","Chile",2007,15,37.3253722156341
"CL","CHL","Chile",2008,15,38.238342104403
"CL","CHL","Chile",2009,14.1666666666667,38.736571018166
"CL","CHL","Chile",2010,14.1666666666667,39.3088607324282
"CL","CHL","Chile",2011,14.1666666666667,40.1289761783095
"CL","CHL","Chile",2012,14.1666666666667,40.3528387850467
"CL","CHL","Chile",2013,15.8333333333333,40.6518900714812
"CL","CHL","Chile",2014,15.8333333333333,40.9565495287041
"CL","CHL","Chile",2015,15.8333333333333,40.9070264184869
"CL","CHL","Chile",2016,15.8333333333333,41.1874903516778
"CL","CHL","Chile",2017,NA,41.5576750685062
"CL","CHL","Chile",2018,22.5806451612903,41.9209465618295
"CL","CHL","Chile",2019,22.5806451612903,42.1913950694728
"CL","CHL","Chile",2020,22.5806451612903,40.7559829649027
"CL","CHL","Chile",2021,35.4838709677419,40.920646423243
"CL","CHL","Chile",2022,35.4838709677419,42.0649303754588
"CL","CHL","Chile",2023,35.4838709677419,42.7080676987401
"CN","CHN","China",2000,21.7828418230563,45.3248415708296
"CN","CHN","China",2001,21.7828418230563,45.2401581999134
"CN","CHN","China",2002,21.7828418230563,45.1503055161292
"CN","CHN","China",2003,20.2345058626466,45.0560297298443
"CN","CHN","China",2004,20.2345058626466,44.9590627737606
"CN","CHN","China",2005,20.2684563758389,44.8576527674985
"CN","CHN","China",2006,20.2684563758389,44.7579859897919
"CN","CHN","China",2007,20.620992237597,44.6615363074549
"CN","CHN","China",2008,21.325744894543,44.5639231670214
"CN","CHN","China",2009,21.325744894543,44.4664928917656
"CN","CHN","China",2010,21.325744894543,44.3676802498121
"CN","CHN","China",2011,21.3230355943586,44.4201391434893
"CN","CHN","China",2012,21.3230355943586,44.4724643860475
"CN","CHN","China",2013,23.40140609307,44.5335125012064
"CN","CHN","China",2014,23.40140609307,44.5996068530477
"CN","CHN","China",2015,23.6228455559311,44.6684886355425
"CN","CHN","China",2016,23.6228455559311,44.742987899293
"CN","CHN","China",2017,24.2476060191518,44.8309504332733
"CN","CHN","China",2018,24.8993288590604,44.9255174799177
"CN","CHN","China",2019,24.9411764705882,45.0115343044987
"CN","CHN","China",2020,24.9411764705882,44.9547676272311
"CN","CHN","China",2021,24.9411764705882,45.1150578228708
"CN","CHN","China",2022,24.9411764705882,45.2034021474474
"CN","CHN","China",2023,26.5367819952973,45.2834854096898
"CI","CIV","Cote d'Ivoire",2000,NA,38.1301160535678
"CI","CIV","Cote d'Ivoire",2001,8.52017937219731,38.8278865110041
"CI","CIV","Cote d'Ivoire",2002,8.52017937219731,39.5207620911605
"CI","CIV","Cote d'Ivoire",2003,8.52017937219731,40.2089580066152
"CI","CIV","Cote d'Ivoire",2004,8.52017937219731,40.8962749658274
"CI","CIV","Cote d'Ivoire",2005,8.52017937219731,41.5864631456322
"CI","CIV","Cote d'Ivoire",2006,8.52017937219731,42.2744834353548
"CI","CIV","Cote d'Ivoire",2007,8.86699507389163,42.9611012786467
"CI","CIV","Cote d'Ivoire",2008,8.86699507389163,43.5356388285414
"CI","CIV","Cote d'Ivoire",2009,8.86699507389163,44.0102092461251
"CI","CIV","Cote d'Ivoire",2010,8.86699507389163,44.5004213982073
"CI","CIV","Cote d'Ivoire",2011,11.0236220472441,44.9944154817567
"CI","CIV","Cote d'Ivoire",2012,10.4417670682731,45.4783712006638
"CI","CIV","Cote d'Ivoire",2013,10.4417670682731,44.5863037229074
"CI","CIV","Cote d'Ivoire",2014,9.44881889763779,43.7771851027682
"CI","CIV","Cote d'Ivoire",2015,9.16334661354582,43.0690151992469
"CI","CIV","Cote d'Ivoire",2016,9.16334661354582,42.3640755809268
"CI","CIV","Cote d'Ivoire",2017,10.5882352941176,42.3241897515462
"CI","CIV","Cote d'Ivoire",2018,10.5882352941176,42.2965272582503
"CI","CIV","Cote d'Ivoire",2019,10.9803921568627,42.2866821999598
"CI","CIV","Cote d'Ivoire",2020,11.3725490196078,42.4153693389493
"CI","CIV","Cote d'Ivoire",2021,14.1732283464567,42.5990075235551
"CI","CIV","Cote d'Ivoire",2022,14.1732283464567,42.9365057101876
"CI","CIV","Cote d'Ivoire",2023,13.7254901960784,43.1289391414649
"CM","CMR","Cameroon",2000,5.55555555555556,48.256714333263
"CM","CMR","Cameroon",2001,5.55555555555556,48.2695958488475
"CM","CMR","Cameroon",2002,8.88888888888889,48.2873934323311
"CM","CMR","Cameroon",2003,8.88888888888889,48.3017884832501
"CM","CMR","Cameroon",2004,8.88888888888889,48.3069424957539
"CM","CMR","Cameroon",2005,8.88888888888889,48.3043203833009
"CM","CMR","Cameroon",2006,8.88888888888889,48.2997377031879
"CM","CMR","Cameroon",2007,13.8888888888889,48.2985190063868
"CM","CMR","Cameroon",2008,13.8888888888889,47.8142938486898
"CM","CMR","Cameroon",2009,13.8888888888889,47.2747899419619
"CM","CMR","Cameroon",2010,13.8888888888889,46.6776885548492
"CM","CMR","Cameroon",2011,13.8888888888889,46.7068076568228
"CM","CMR","Cameroon",2012,13.8888888888889,46.7529285438067
"CM","CMR","Cameroon",2013,31.1111111111111,46.8168536059013
"CM","CMR","Cameroon",2014,31.1111111111111,46.8978201852656
"CM","CMR","Cameroon",2015,31.1111111111111,46.5462050933017
"CM","CMR","Cameroon",2016,31.1111111111111,46.1611121095889
"CM","CMR","Cameroon",2017,31.1111111111111,45.7522933287832
"CM","CMR","Cameroon",2018,31.1111111111111,45.3421608715086
"CM","CMR","Cameroon",2019,31.1111111111111,44.9426681967059
"CM","CMR","Cameroon",2020,33.8888888888889,44.4877015841643
"CM","CMR","Cameroon",2021,33.8888888888889,44.1617584876129
"CM","CMR","Cameroon",2022,33.8888888888889,43.9993279567332
"CM","CMR","Cameroon",2023,33.8888888888889,44.0218429403958
"CD","COD","Congo, Dem. Rep.",2000,NA,50.2471801177861
"CD","COD","Congo, Dem. Rep.",2001,NA,50.2154007965563
"CD","COD","Congo, Dem. Rep.",2002,NA,50.1826958437995
"CD","COD","Congo, Dem. Rep.",2003,NA,50.1407444432026
"CD","COD","Congo, Dem. Rep.",2004,12,50.1014789277105
"CD","COD","Congo, Dem. Rep.",2005,12,50.0752097427129
"CD","COD","Congo, Dem. Rep.",2006,8.4,49.8309988558012
"CD","COD","Congo, Dem. Rep.",2007,8.4,49.5752833648062
"CD","COD","Congo, Dem. Rep.",2008,8.4,49.3067433676984
"CD","COD","Congo, Dem. Rep.",2009,8.4,49.0267157965393
"CD","COD","Congo, Dem. Rep.",2010,8.4,48.7330912020947
"CD","COD","Congo, Dem. Rep.",2011,NA,48.4214928774529
"CD","COD","Congo, Dem. Rep.",2012,8.94308943089431,48.1008010974588
"CD","COD","Congo, Dem. Rep.",2013,8.94308943089431,48.1090739921985
"CD","COD","Congo, Dem. Rep.",2014,10.6425702811245,48.1159383537443
"CD","COD","Congo, Dem. Rep.",2015,8.94308943089431,48.121974018906
"CD","COD","Congo, Dem. Rep.",2016,8.94308943089431,48.1675324224039
"CD","COD","Congo, Dem. Rep.",2017,8.94308943089431,48.2241736270607
"CD","COD","Congo, Dem. Rep.",2018,8.94308943089431,48.2284157083781
"CD","COD","Congo, Dem. Rep.",2019,10,48.2109710457255
"CD","COD","Congo, Dem. Rep.",2020,12.8,48.2431533597674
"CD","COD","Congo, Dem. Rep.",2021,12.8,48.287967859342
"CD","COD","Congo, Dem. Rep.",2022,12.8,48.4921760304455
"CD","COD","Congo, Dem. Rep.",2023,12.8,48.697669502382
"CG","COG","Congo, Rep.",2000,12,49.2481479416681
"CG","COG","Congo, Rep.",2001,12,49.423088507645
"CG","COG","Congo, Rep.",2002,NA,49.3849798461583
"CG","COG","Congo, Rep.",2003,8.52713178294574,49.3968832442361
"CG","COG","Congo, Rep.",2004,8.52713178294574,49.4776712378945
"CG","COG","Congo, Rep.",2005,8.52713178294574,49.5631115930082
"CG","COG","Congo, Rep.",2006,8.52713178294574,49.6507407388162
"CG","COG","Congo, Rep.",2007,7.2992700729927,49.7070044121101
"CG","COG","Congo, Rep.",2008,7.2992700729927,49.6859815795199
"CG","COG","Congo, Rep.",2009,7.2992700729927,49.7310017446342
"CG","COG","Congo, Rep.",2010,7.2992700729927,49.7623806696661
"CG","COG","Congo, Rep.",2011,7.2992700729927,49.6563997203109
"CG","COG","Congo, Rep.",2012,7.35294117647059,49.506538600431
"CG","COG","Congo, Rep.",2013,7.35294117647059,49.3327846141056
"CG","COG","Congo, Rep.",2014,7.35294117647059,49.1895117936133
"CG","COG","Congo, Rep.",2015,7.35294117647059,49.0800827972583
"CG","COG","Congo, Rep.",2016,7.35294117647059,49.0198227151704
"CG","COG","Congo, Rep.",2017,11.2582781456954,49.0105209531308
"CG","COG","Congo, Rep.",2018,11.2582781456954,49.0342442313971
"CG","COG","Congo, Rep.",2019,11.2582781456954,49.0919289677856
"CG","COG","Congo, Rep.",2020,11.2582781456954,48.9984918887886
"CG","COG","Congo, Rep.",2021,11.2582781456954,49.1288237026931
"CG","COG","Congo, Rep.",2022,14.5695364238411,48.6555803069188
"CG","COG","Congo, Rep.",2023,14.5695364238411,48.6384725296954
"CO","COL","Colombia",2000,11.8012422360248,40.2128881585549
"CO","COL","Colombia",2001,11.8012422360248,40.2332257119566
"CO","COL","Colombia",2002,12.0481927710843,40.0893212186067
"CO","COL","Colombia",2003,12.0481927710843,40.6330481844735
"CO","COL","Colombia",2004,12.0481927710843,40.5216456626184
"CO","COL","Colombia",2005,12.1212121212121,39.9555522714806
"CO","COL","Colombia",2006,8.43373493975904,39.9466975504594
"CO","COL","Colombia",2007,8.43373493975904,39.9456199001699
"CO","COL","Colombia",2008,8.43373493975904,40.0935463674419
"CO","COL","Colombia",2009,8.43373493975904,41.1336346072086
"CO","COL","Colombia",2010,12.6506024096386,41.435482903451
"CO","COL","Colombia",2011,12.1212121212121,41.5731033896751
"CO","COL","Colombia",2012,12.1212121212121,42.0343291225429
"CO","COL","Colombia",2013,12.1212121212121,41.9979631012591
"CO","COL","Colombia",2014,19.8795180722892,41.9463772135263
"CO","COL","Colombia",2015,19.8795180722892,42.1217610991295
"CO","COL","Colombia",2016,19.8795180722892,42.0872850662821
"CO","COL","Colombia",2017,18.6746987951807,42.0452753793857
"CO","COL","Colombia",2018,18.1286549707602,41.6725454611043
"CO","COL","Colombia",2019,18.7134502923977,41.5833080400121
"CO","COL","Colombia",2020,18.3431952662722,41.1444013851787
"CO","COL","Colombia",2021,18.8235294117647,41.0345266672094
"CO","COL","Colombia",2022,28.8770053475936,41.1988450164513
"CO","COL","Colombia",2023,28.8770053475936,41.5505645661573
"KM","COM","Comoros",2000,NA,40.2131357791353
"KM","COM","Comoros",2001,NA,40.3575695159629
"KM","COM","Comoros",2002,NA,40.4788347014325
"KM","COM","Comoros",2003,NA,40.6677630802402
"KM","COM","Comoros",2004,3.03030303030303,40.9769793112971
"KM","COM","Comoros",2005,3.03030303030303,40.5715674290511
"KM","COM","Comoros",2006,3.03030303030303,40.1513544097885
"KM","COM","Comoros",2007,3.03030303030303,39.7327497145343
"KM","COM","Comoros",2008,3.03030303030303,39.3255269932958
"KM","COM","Comoros",2009,0,38.9367960579244
"KM","COM","Comoros",2010,3.03030303030303,38.5681265354035
"KM","COM","Comoros",2011,3.03030303030303,38.2151790243305
"KM","COM","Comoros",2012,3.03030303030303,37.87972512456
"KM","COM","Comoros",2013,3.03030303030303,37.5538778460819
"KM","COM","Comoros",2014,3.03030303030303,37.2337905072788
"KM","COM","Comoros",2015,3.03030303030303,38.0975525082451
"KM","COM","Comoros",2016,3.03030303030303,38.920502405331
"KM","COM","Comoros",2017,6.06060606060606,39.7840054440526
"KM","COM","Comoros",2018,6.06060606060606,40.6665831349455
"KM","COM","Comoros",2019,6.06060606060606,41.4902283350601
"KM","COM","Comoros",2020,16.6666666666667,42.0337254753857
"KM","COM","Comoros",2021,16.6666666666667,42.6695193736427
"KM","COM","Comoros",2022,16.6666666666667,42.3928017461248
"KM","COM","Comoros",2023,16.6666666666667,42.4230920455008
"CV","CPV","Cabo Verde",2000,11.1111111111111,39.7556898379721
"CV","CPV","Cabo Verde",2001,11.1111111111111,40.0844309783091
"CV","CPV","Cabo Verde",2002,11.1111111111111,40.4054437899053
"CV","CPV","Cabo Verde",2003,11.1111111111111,40.7423685953399
"CV","CPV","Cabo Verde",2004,11.1111111111111,41.1040132580321
"CV","CPV","Cabo Verde",2005,11.1111111111111,41.493528121375
"CV","CPV","Cabo Verde",2006,15.2777777777778,41.9153334531727
"CV","CPV","Cabo Verde",2007,18.0555555555556,42.3753706015985
"CV","CPV","Cabo Verde",2008,18.0555555555556,42.8747816334893
"CV","CPV","Cabo Verde",2009,18.0555555555556,43.4161931066595
"CV","CPV","Cabo Verde",2010,18.0555555555556,43.3626586552105
"CV","CPV","Cabo Verde",2011,20.8333333333333,43.3963262674762
"CV","CPV","Cabo Verde",2012,20.8333333333333,43.4591622066987
"CV","CPV","Cabo Verde",2013,20.8333333333333,43.5068840749965
"CV","CPV","Cabo Verde",2014,20.8333333333333,43.5494168029712
"CV","CPV","Cabo Verde",2015,20.8333333333333,43.5803269578104
"CV","CPV","Cabo Verde",2016,23.6111111111111,43.6004003930125
"CV","CPV","Cabo Verde",2017,23.6111111111111,43.6140985462427
"CV","CPV","Cabo Verde",2018,23.6111111111111,43.3455367718316
"CV","CPV","Cabo Verde",2019,23.6111111111111,43.4152039040629
"CV","CPV","Cabo Verde",2020,25,43.2563574930773
"CV","CPV","Cabo Verde",2021,38.8888888888889,43.4079262636234
"CV","CPV","Cabo Verde",2022,38.8888888888889,43.0749617777614
"CV","CPV","Cabo Verde",2023,41.6666666666667,43.3636496057974
"CR","CRI","Costa Rica",2000,19.2982456140351,33.4861052309866
"CR","CRI","Costa Rica",2001,19.2982456140351,35.2109513656451
"CR","CRI","Costa Rica",2002,35.0877192982456,35.1296141363861
"CR","CRI","Costa Rica",2003,35.0877192982456,35.2264404106422
"CR","CRI","Costa Rica",2004,35.0877192982456,34.5181092972201
"CR","CRI","Costa Rica",2005,35.0877192982456,36.3394781665782
"CR","CRI","Costa Rica",2006,38.5964912280702,36.4208246354747
"CR","CRI","Costa Rica",2007,36.8421052631579,36.7783872177298
"CR","CRI","Costa Rica",2008,36.8421052631579,37.2115478659383
"CR","CRI","Costa Rica",2009,36.8421052631579,37.7945211145272
"CR","CRI","Costa Rica",2010,38.5964912280702,37.9888149665179
"CR","CRI","Costa Rica",2011,38.5964912280702,39.0936515023668
"CR","CRI","Costa Rica",2012,38.5964912280702,40.759176413872
"CR","CRI","Costa Rica",2013,38.5964912280702,41.0273808156832
"CR","CRI","Costa Rica",2014,33.3333333333333,40.7534060615933
"CR","CRI","Costa Rica",2015,33.3333333333333,40.6048023832761
"CR","CRI","Costa Rica",2016,33.3333333333333,39.2736109803485
"CR","CRI","Costa Rica",2017,35.0877192982456,39.0672670221334
"CR","CRI","Costa Rica",2018,45.6140350877193,39.8382604474852
"CR","CRI","Costa Rica",2019,45.6140350877193,41.7901930776802
"CR","CRI","Costa Rica",2020,45.6140350877193,40.8709342616333
"CR","CRI","Costa Rica",2021,45.6140350877193,41.4572657549974
"CR","CRI","Costa Rica",2022,47.3684210526316,41.6819368958279
"CR","CRI","Costa Rica",2023,47.3684210526316,39.5453271515166
"CU","CUB","Cuba",2000,27.6206322795341,33.8525049207811
"CU","CUB","Cuba",2001,27.6206322795341,34.2673647772952
"CU","CUB","Cuba",2002,27.6206322795341,34.6213688762709
"CU","CUB","Cuba",2003,35.9605911330049,35.072482929052
"CU","CUB","Cuba",2004,35.9605911330049,35.6151629368758
"CU","CUB","Cuba",2005,35.9605911330049,36.4438901378707
"CU","CUB","Cuba",2006,35.9605911330049,37.3142493345354
"CU","CUB","Cuba",2007,35.9605911330049,37.9547955771247
"CU","CUB","Cuba",2008,43.1596091205212,38.4403338495139
"CU","CUB","Cuba",2009,43.1596091205212,38.7003941205138
"CU","CUB","Cuba",2010,43.1596091205212,38.704824212407
"CU","CUB","Cuba",2011,45.221843003413,39.0833920204178
"CU","CUB","Cuba",2012,45.221843003413,39.472628200123
"CU","CUB","Cuba",2013,48.8562091503268,39.8353753282899
"CU","CUB","Cuba",2014,48.8562091503268,40.0856447047881
"CU","CUB","Cuba",2015,48.8562091503268,40.4540441874042
"CU","CUB","Cuba",2016,48.8562091503268,40.6100793574754
"CU","CUB","Cuba",2017,48.8562091503268,40.8044642336631
"CU","CUB","Cuba",2018,53.2231404958678,41.0199979672622
"CU","CUB","Cuba",2019,53.2231404958678,41.1152610780516
"CU","CUB","Cuba",2020,53.2231404958678,40.9592909054202
"CU","CUB","Cuba",2021,53.4129692832764,40.9631518391727
"CU","CUB","Cuba",2022,53.4129692832764,39.8556608425392
"CU","CUB","Cuba",2023,55.7446808510638,39.5255223319142
"CW","CUW","Curacao",2000,NA,NA
"CW","CUW","Curacao",2001,NA,NA
"CW","CUW","Curacao",2002,NA,NA
"CW","CUW","Curacao",2003,NA,NA
"CW","CUW","Curacao",2004,NA,NA
"CW","CUW","Curacao",2005,NA,NA
"CW","CUW","Curacao",2006,NA,NA
"CW","CUW","Curacao",2007,NA,NA
"CW","CUW","Curacao",2008,NA,NA
"CW","CUW","Curacao",2009,NA,NA
"CW","CUW","Curacao",2010,NA,NA
"CW","CUW","Curacao",2011,NA,NA
"CW","CUW","Curacao",2012,NA,NA
"CW","CUW","Curacao",2013,NA,NA
"CW","CUW","Curacao",2014,NA,NA
"CW","CUW","Curacao",2015,NA,NA
"CW","CUW","Curacao",2016,NA,NA
"CW","CUW","Curacao",2017,NA,NA
"CW","CUW","Curacao",2018,NA,NA
"CW","CUW","Curacao",2019,NA,NA
"CW","CUW","Curacao",2020,NA,NA
"CW","CUW","Curacao",2021,NA,NA
"CW","CUW","Curacao",2022,NA,NA
"CW","CUW","Curacao",2023,NA,NA
"KY","CYM","Cayman Islands",2000,NA,NA
"KY","CYM","Cayman Islands",2001,NA,NA
"KY","CYM","Cayman Islands",2002,NA,NA
"KY","CYM","Cayman Islands",2003,NA,NA
"KY","CYM","Cayman Islands",2004,NA,NA
"KY","CYM","Cayman Islands",2005,NA,NA
"KY","CYM","Cayman Islands",2006,NA,NA
"KY","CYM","Cayman Islands",2007,NA,NA
"KY","CYM","Cayman Islands",2008,NA,NA
"KY","CYM","Cayman Islands",2009,NA,NA
"KY","CYM","Cayman Islands",2010,NA,NA
"KY","CYM","Cayman Islands",2011,NA,NA
"KY","CYM","Cayman Islands",2012,NA,NA
"KY","CYM","Cayman Islands",2013,NA,NA
"KY","CYM","Cayman Islands",2014,NA,NA
"KY","CYM","Cayman Islands",2015,NA,NA
"KY","CYM","Cayman Islands",2016,NA,NA
"KY","CYM","Cayman Islands",2017,NA,NA
"KY","CYM","Cayman Islands",2018,NA,NA
"KY","CYM","Cayman Islands",2019,NA,NA
"KY","CYM","Cayman Islands",2020,NA,NA
"KY","CYM","Cayman Islands",2021,NA,NA
"KY","CYM","Cayman Islands",2022,NA,NA
"KY","CYM","Cayman Islands",2023,NA,NA
"CY","CYP","Cyprus",2000,7.14285714285714,40.3616070323975
"CY","CYP","Cyprus",2001,10.7142857142857,41.4135381480197
"CY","CYP","Cyprus",2002,10.7142857142857,41.8898878099052
"CY","CYP","Cyprus",2003,10.7142857142857,42.2226057361192
"CY","CYP","Cyprus",2004,16.0714285714286,42.0565345912195
"CY","CYP","Cyprus",2005,16.0714285714286,41.9269340837819
"CY","CYP","Cyprus",2006,14.2857142857143,42.5418703481259
"CY","CYP","Cyprus",2007,14.2857142857143,43.2919766621234
"CY","CYP","Cyprus",2008,14.2857142857143,43.699909897093
"CY","CYP","Cyprus",2009,12.5,44.1292429161115
"CY","CYP","Cyprus",2010,12.5,44.6800261576682
"CY","CYP","Cyprus",2011,10.7142857142857,44.6943113708664
"CY","CYP","Cyprus",2012,10.7142857142857,44.3281883605007
"CY","CYP","Cyprus",2013,10.7142857142857,44.4804975006888
"CY","CYP","Cyprus",2014,12.5,45.2995359895693
"CY","CYP","Cyprus",2015,12.5,45.7726457528708
"CY","CYP","Cyprus",2016,17.8571428571429,45.4431655023467
"CY","CYP","Cyprus",2017,17.8571428571429,45.5242657804177
"CY","CYP","Cyprus",2018,17.8571428571429,45.3779010254788
"CY","CYP","Cyprus",2019,17.8571428571429,45.2397399147032
"CY","CYP","Cyprus",2020,19.6428571428571,44.7250903763911
"CY","CYP","Cyprus",2021,14.2857142857143,44.6115472185408
"CY","CYP","Cyprus",2022,14.2857142857143,45.1110155759119
"CY","CYP","Cyprus",2023,14.2857142857143,45.8389385975889
"CZ","CZE","Czechia",2000,15,44.2972699032443
"CZ","CZE","Czechia",2001,15,44.2461778697893
"CZ","CZE","Czechia",2002,17,44.0655083489889
"CZ","CZE","Czechia",2003,17,44.1430112965051
"CZ","CZE","Czechia",2004,17,44.0587325090824
"CZ","CZE","Czechia",2005,17,43.9616533407433
"CZ","CZE","Czechia",2006,15.5,43.9128059139627
"CZ","CZE","Czechia",2007,15.5,43.5567735494887
"CZ","CZE","Czechia",2008,15.5,43.3240213855156
"CZ","CZE","Czechia",2009,15.5,43.3638929143467
"CZ","CZE","Czechia",2010,22,43.3043703343595
"CZ","CZE","Czechia",2011,22,43.5513024559219
"CZ","CZE","Czechia",2012,22,43.7520817829007
"CZ","CZE","Czechia",2013,19.5,44.0090123149563
"CZ","CZE","Czechia",2014,19.5,43.9036657660262
"CZ","CZE","Czechia",2015,20,44.1357917642464
"CZ","CZE","Czechia",2016,20,44.2490463349851
"CZ","CZE","Czechia",2017,22,44.3647377679929
"CZ","CZE","Czechia",2018,22,44.4992053815741
"CZ","CZE","Czechia",2019,22.5,44.4471218766955
"CZ","CZE","Czechia",2020,22.5,44.2046027936282
"CZ","CZE","Czechia",2021,25,44.2875704230524
"CZ","CZE","Czechia",2022,25.5,44.5102091513833
"CZ","CZE","Czechia",2023,26,44.963523952815
"DE","DEU","Germany",2000,30.9417040358744,43.781639513354
"DE","DEU","Germany",2001,31.0810810810811,44.1542747472394
"DE","DEU","Germany",2002,32.1724709784411,44.4313931371859
"DE","DEU","Germany",2003,32.1724709784411,44.7539332906337
"DE","DEU","Germany",2004,32.75,44.8366592941899
"DE","DEU","Germany",2005,31.7589576547231,45.037718467285
"DE","DEU","Germany",2006,31.5960912052117,45.4014484954067
"DE","DEU","Germany",2007,31.6476345840131,45.6390989388751
"DE","DEU","Germany",2008,32.1895424836601,45.4223035848423
"DE","DEU","Germany",2009,32.7974276527331,45.9094330060469
"DE","DEU","Germany",2010,32.7974276527331,45.7755529719498
"DE","DEU","Germany",2011,32.9032258064516,46.3331907686789
"DE","DEU","Germany",2012,32.9032258064516,46.1102625156838
"DE","DEU","Germany",2013,36.4500792393027,46.1831830227772
"DE","DEU","Germany",2014,36.4500792393027,46.2597352645934
"DE","DEU","Germany",2015,36.4500792393027,46.1974522433232
"DE","DEU","Germany",2016,36.4500792393027,46.2396838705807
"DE","DEU","Germany",2017,30.7475317348378,46.3157707458762
"DE","DEU","Germany",2018,30.7475317348378,46.2119025162633
"DE","DEU","Germany",2019,30.8885754583921,46.2845280945456
"DE","DEU","Germany",2020,31.1706629055007,46.4249681089747
"DE","DEU","Germany",2021,34.9184782608696,46.4171891047624
"DE","DEU","Germany",2022,34.9184782608696,46.5165236529148
"DE","DEU","Germany",2023,35.1902173913043,46.5804663961253
"DJ","DJI","Djibouti",2000,0,24.3452617325582
"DJ","DJI","Djibouti",2001,0,24.5717983839552
"DJ","DJI","Djibouti",2002,0,24.782672041183
"DJ","DJI","Djibouti",2003,10.7692307692308,24.8695755276263
"DJ","DJI","Djibouti",2004,10.7692307692308,24.8879342547628
"DJ","DJI","Djibouti",2005,10.7692307692308,24.9639796334246
"DJ","DJI","Djibouti",2006,10.7692307692308,25.1447050039018
"DJ","DJI","Djibouti",2007,13.8461538461538,25.3967298186456
"DJ","DJI","Djibouti",2008,13.8461538461538,25.6683692005214
"DJ","DJI","Djibouti",2009,13.8461538461538,25.9425896190019
"DJ","DJI","Djibouti",2010,13.8461538461538,26.2056044314109
"DJ","DJI","Djibouti",2011,13.8461538461538,26.4714956805605
"DJ","DJI","Djibouti",2012,13.8461538461538,26.7423921665961
"DJ","DJI","Djibouti",2013,12.7272727272727,27.0328948308123
"DJ","DJI","Djibouti",2014,12.7272727272727,27.3607804587152
"DJ","DJI","Djibouti",2015,12.7272727272727,27.7270841028588
"DJ","DJI","Djibouti",2016,12.7272727272727,28.130302002036
"DJ","DJI","Djibouti",2017,10.7692307692308,28.5652440090957
"DJ","DJI","Djibouti",2018,26.1538461538462,29.0173866099967
"DJ","DJI","Djibouti",2019,26.1538461538462,29.4647695623133
"DJ","DJI","Djibouti",2020,26.1538461538462,29.4048722114422
"DJ","DJI","Djibouti",2021,26.1538461538462,29.6447171868061
"DJ","DJI","Djibouti",2022,26.1538461538462,29.870525212991
"DJ","DJI","Djibouti",2023,26.1538461538462,30.3001527119945
"DM","DMA","Dominica",2000,NA,NA
"DM","DMA","Dominica",2001,18.75,NA
"DM","DMA","Dominica",2002,18.75,NA
"DM","DMA","Dominica",2003,18.75,NA
"DM","DMA","Dominica",2004,19.3548387096774,NA
"DM","DMA","Dominica",2005,12.9032258064516,NA
"DM","DMA","Dominica",2006,12.9032258064516,NA
"DM","DMA","Dominica",2007,16.1290322580645,NA
"DM","DMA","Dominica",2008,18.75,NA
"DM","DMA","Dominica",2009,14.2857142857143,NA
"DM","DMA","Dominica",2010,12.5,NA
"DM","DMA","Dominica",2011,12.5,NA
"DM","DMA","Dominica",2012,12.5,NA
"DM","DMA","Dominica",2013,12.5,NA
"DM","DMA","Dominica",2014,12.9032258064516,NA
"DM","DMA","Dominica",2015,21.875,NA
"DM","DMA","Dominica",2016,21.875,NA
"DM","DMA","Dominica",2017,25,NA
"DM","DMA","Dominica",2018,25,NA
"DM","DMA","Dominica",2019,25,NA
"DM","DMA","Dominica",2020,34.375,NA
"DM","DMA","Dominica",2021,34.375,NA
"DM","DMA","Dominica",2022,34.375,NA
"DM","DMA","Dominica",2023,37.5,NA
"DK","DNK","Denmark",2000,37.4301675977654,46.5587300611053
"DK","DNK","Denmark",2001,NA,46.6684761339679
"DK","DNK","Denmark",2002,37.9888268156425,46.5947156316851
"DK","DNK","Denmark",2003,37.9888268156425,46.4520662483919
"DK","DNK","Denmark",2004,37.9888268156425,46.7001307380582
"DK","DNK","Denmark",2005,36.8715083798883,46.8221649875218
"DK","DNK","Denmark",2006,36.8715083798883,47.0308392687689
"DK","DNK","Denmark",2007,37.9888268156425,46.9764743083975
"DK","DNK","Denmark",2008,37.9888268156425,46.8027534229712
"DK","DNK","Denmark",2009,37.9888268156425,47.0724685614808
"DK","DNK","Denmark",2010,37.9888268156425,47.0966787688782
"DK","DNK","Denmark",2011,39.1061452513966,47.1982752660935
"DK","DNK","Denmark",2012,39.1061452513966,47.3959401342538
"DK","DNK","Denmark",2013,39.1061452513966,47.5861148394054
"DK","DNK","Denmark",2014,39.1061452513966,47.1826094290704
"DK","DNK","Denmark",2015,37.4301675977654,46.8511420110263
"DK","DNK","Denmark",2016,37.4301675977654,47.2433304738527
"DK","DNK","Denmark",2017,37.4301675977654,47.2132365121199
"DK","DNK","Denmark",2018,37.4301675977654,47.0726894383873
"DK","DNK","Denmark",2019,39.1061452513966,47.0023946041323
"DK","DNK","Denmark",2020,39.6648044692737,47.1001442822551
"DK","DNK","Denmark",2021,39.6648044692737,46.918807248351
"DK","DNK","Denmark",2022,43.5754189944134,47.422413469915
"DK","DNK","Denmark",2023,43.5754189944134,47.4749172110428
"DO","DOM","Dominican Republic",2000,16.1073825503356,34.2133888354347
"DO","DOM","Dominican Republic",2001,16.1073825503356,33.7636756031949
"DO","DOM","Dominican Republic",2002,17.3333333333333,35.074028489502
"DO","DOM","Dominican Republic",2003,17.3333333333333,34.9026797346968
"DO","DOM","Dominican Republic",2004,17.3333333333333,34.763367152042
"DO","DOM","Dominican Republic",2005,17.3333333333333,35.4674715475469
"DO","DOM","Dominican Republic",2006,19.6629213483146,35.7633643192376
"DO","DOM","Dominican Republic",2007,19.6629213483146,35.5385995871037
"DO","DOM","Dominican Republic",2008,19.6629213483146,36.6904875480871
"DO","DOM","Dominican Republic",2009,19.6629213483146,35.454570048832
"DO","DOM","Dominican Republic",2010,20.7650273224044,37.1219026743499
"DO","DOM","Dominican Republic",2011,20.7650273224044,37.9393419030758
"DO","DOM","Dominican Republic",2012,20.7650273224044,38.4557889318776
"DO","DOM","Dominican Republic",2013,20.7650273224044,38.4761714245814
"DO","DOM","Dominican Republic",2014,20.7650273224044,38.5591379461748
"DO","DOM","Dominican Republic",2015,20.7650273224044,39.3031238118353
"DO","DOM","Dominican Republic",2016,26.8421052631579,39.571326939022
"DO","DOM","Dominican Republic",2017,26.8421052631579,39.7867698572831
"DO","DOM","Dominican Republic",2018,26.8421052631579,39.9311782558135
"DO","DOM","Dominican Republic",2019,26.8421052631579,40.8232407667061
"DO","DOM","Dominican Republic",2020,27.8947368421053,39.7981899480773
"DO","DOM","Dominican Republic",2021,27.8947368421053,40.9781122300996
"DO","DOM","Dominican Republic",2022,27.8947368421053,40.4954283080281
"DO","DOM","Dominican Republic",2023,27.8947368421053,41.4195355812785
"DZ","DZA","Algeria",2000,3.42105263157895,13.2039750930505
"DZ","DZA","Algeria",2001,3.42105263157895,13.415492946398
"DZ","DZA","Algeria",2002,6.16966580976864,13.6607822052157
"DZ","DZA","Algeria",2003,6.16966580976864,13.9360228063506
"DZ","DZA","Algeria",2004,6.16966580976864,14.2281095712781
"DZ","DZA","Algeria",2005,6.16966580976864,14.5534366054531
"DZ","DZA","Algeria",2006,6.16966580976864,14.8983649308861
"DZ","DZA","Algeria",2007,7.7120822622108,15.2675576428465
"DZ","DZA","Algeria",2008,7.7120822622108,15.6575797671615
"DZ","DZA","Algeria",2009,7.7120822622108,16.0667771075902
"DZ","DZA","Algeria",2010,7.7120822622108,16.144970816751
"DZ","DZA","Algeria",2011,7.96915167095116,16.4348045898723
"DZ","DZA","Algeria",2012,31.6017316017316,16.7506235283397
"DZ","DZA","Algeria",2013,31.6017316017316,17.0939234373742
"DZ","DZA","Algeria",2014,31.6017316017316,17.4657441262716
"DZ","DZA","Algeria",2015,31.6017316017316,17.5380000492648
"DZ","DZA","Algeria",2016,31.6017316017316,17.336733001536
"DZ","DZA","Algeria",2017,25.7575757575758,17.2177802385452
"DZ","DZA","Algeria",2018,25.7575757575758,17.1081374672023
"DZ","DZA","Algeria",2019,25.7575757575758,17.0059659964478
"DZ","DZA","Algeria",2020,25.7575757575758,16.9858636329664
"DZ","DZA","Algeria",2021,8.10810810810811,17.1147496005484
"DZ","DZA","Algeria",2022,8.10810810810811,16.793469557911
"DZ","DZA","Algeria",2023,7.86240786240786,16.9260507160775
"EC","ECU","Ecuador",2000,14.6341463414634,36.5342146805597
"EC","ECU","Ecuador",2001,14.6341463414634,37.0400618990115
"EC","ECU","Ecuador",2002,NA,37.5368012886145
"EC","ECU","Ecuador",2003,16,38.0255664126632
"EC","ECU","Ecuador",2004,16,39.4869914162475
"EC","ECU","Ecuador",2005,16,39.1665506459853
"EC","ECU","Ecuador",2006,25,39.1903739985136
"EC","ECU","Ecuador",2007,25,39.3211899609813
"EC","ECU","Ecuador",2008,25,39.502044832252
"EC","ECU","Ecuador",2009,32.258064516129,39.2069385774385
"EC","ECU","Ecuador",2010,32.258064516129,38.7059751722778
"EC","ECU","Ecuador",2011,32.258064516129,38.4969116203714
"EC","ECU","Ecuador",2012,32.258064516129,38.9002370308939
"EC","ECU","Ecuador",2013,38.6861313868613,39.0523863890293
"EC","ECU","Ecuador",2014,41.6058394160584,38.4625097814526
"EC","ECU","Ecuador",2015,41.6058394160584,39.9135175908973
"EC","ECU","Ecuador",2016,41.6058394160584,41.3268696194679
"EC","ECU","Ecuador",2017,37.956204379562,41.5886656918114
"EC","ECU","Ecuador",2018,37.956204379562,41.2317815845658
"EC","ECU","Ecuador",2019,37.956204379562,41.4679789926179
"EC","ECU","Ecuador",2020,39.4160583941606,40.5591022398217
"EC","ECU","Ecuador",2021,39.4160583941606,41.2440670427657
"EC","ECU","Ecuador",2022,38.6861313868613,41.637168258038
"EC","ECU","Ecuador",2023,43.0656934306569,41.1568844773787
"EG","EGY","Egypt, Arab Rep.",2000,1.98237885462555,21.9298827059593
"EG","EGY","Egypt, Arab Rep.",2001,2.42290748898678,22.4781640579461
"EG","EGY","Egypt, Arab Rep.",2002,2.42290748898678,20.9133330122792
"EG","EGY","Egypt, Arab Rep.",2003,2.42290748898678,21.2908229380941
"EG","EGY","Egypt, Arab Rep.",2004,2.86343612334802,21.6726983595106
"EG","EGY","Egypt, Arab Rep.",2005,1.98237885462555,22.0630635055377
"EG","EGY","Egypt, Arab Rep.",2006,2.03619909502262,22.4692173297319
"EG","EGY","Egypt, Arab Rep.",2007,1.80995475113122,24.173360319846
"EG","EGY","Egypt, Arab Rep.",2008,1.80995475113122,22.8875465951425
"EG","EGY","Egypt, Arab Rep.",2009,1.76211453744493,23.7953603277202
"EG","EGY","Egypt, Arab Rep.",2010,12.6953125,23.3831568484771
"EG","EGY","Egypt, Arab Rep.",2011,1.96850393700787,23.0038254843969
"EG","EGY","Egypt, Arab Rep.",2012,1.96850393700787,23.1124426506186
"EG","EGY","Egypt, Arab Rep.",2013,NA,23.6528621496131
"EG","EGY","Egypt, Arab Rep.",2014,NA,23.9722513685509
"EG","EGY","Egypt, Arab Rep.",2015,NA,24.1933511374404
"EG","EGY","Egypt, Arab Rep.",2016,14.9328859060403,24.6636639603665
"EG","EGY","Egypt, Arab Rep.",2017,14.9328859060403,24.6035236144981
"EG","EGY","Egypt, Arab Rep.",2018,14.9328859060403,21.2024259888103
"EG","EGY","Egypt, Arab Rep.",2019,14.9328859060403,18.7363479936266
"EG","EGY","Egypt, Arab Rep.",2020,27.4111675126904,17.5022933763181
"EG","EGY","Egypt, Arab Rep.",2021,27.7027027027027,18.0798428446923
"EG","EGY","Egypt, Arab Rep.",2022,27.580372250423,17.7254929949468
"EG","EGY","Egypt, Arab Rep.",2023,27.5337837837838,20.6197757699464
"ER","ERI","Eritrea",2000,14.6666666666667,48.0019803096045
"ER","ERI","Eritrea",2001,14.6666666666667,48.0160644919166
"ER","ERI","Eritrea",2002,22,48.0332989585661
"ER","ERI","Eritrea",2003,22,48.0614087631725
"ER","ERI","Eritrea",2004,22,48.0980026496325
"ER","ERI","Eritrea",2005,22,48.0696034480629
"ER","ERI","Eritrea",2006,22,47.9980951266448
"ER","ERI","Eritrea",2007,22,47.9369266395869
"ER","ERI","Eritrea",2008,22,47.8926456688373
"ER","ERI","Eritrea",2009,22,47.9031455279201
"ER","ERI","Eritrea",2010,22,47.8964437303519
"ER","ERI","Eritrea",2011,22,47.9339401831893
"ER","ERI","Eritrea",2012,22,47.9487010399135
"ER","ERI","Eritrea",2013,22,47.9064844327967
"ER","ERI","Eritrea",2014,22,47.9734149558125
"ER","ERI","Eritrea",2015,22,47.8447628129595
"ER","ERI","Eritrea",2016,22,47.8461334227663
"ER","ERI","Eritrea",2017,22,47.8052860187592
"ER","ERI","Eritrea",2018,22,47.8846585689497
"ER","ERI","Eritrea",2019,22,47.9550701237006
"ER","ERI","Eritrea",2020,NA,47.8376289592165
"ER","ERI","Eritrea",2021,NA,47.944894536123
"ER","ERI","Eritrea",2022,NA,47.8076475734904
"ER","ERI","Eritrea",2023,NA,47.7768914744955
"ES","ESP","Spain",2000,28.2857142857143,39.4489825552925
"ES","ESP","Spain",2001,28.2857142857143,38.8399963921654
"ES","ESP","Spain",2002,28.2857142857143,40.0008677174261
"ES","ESP","Spain",2003,28.2857142857143,40.4712675171918
"ES","ESP","Spain",2004,36,40.9966819100766
"ES","ESP","Spain",2005,36,41.3606758529232
"ES","ESP","Spain",2006,36,41.8777674074371
"ES","ESP","Spain",2007,36.5714285714286,42.2913864509154
"ES","ESP","Spain",2008,36.2857142857143,42.907063856931
"ES","ESP","Spain",2009,36.5714285714286,43.7311057377878
"ES","ESP","Spain",2010,36.5714285714286,44.3012746850849
"ES","ESP","Spain",2011,36,44.8418261194908
"ES","ESP","Spain",2012,36,45.4078190323105
"ES","ESP","Spain",2013,36,45.6356340180562
"ES","ESP","Spain",2014,39.7142857142857,45.8245433061212
"ES","ESP","Spain",2015,41.1428571428571,45.9363241043124
"ES","ESP","Spain",2016,39.1428571428571,46.0855900339472
"ES","ESP","Spain",2017,39.1428571428571,46.1613885604662
"ES","ESP","Spain",2018,39.1428571428571,46.1501414434749
"ES","ESP","Spain",2019,44,46.3084655553717
"ES","ESP","Spain",2020,44,46.2959433522474
"ES","ESP","Spain",2021,43.4285714285714,46.7106920771617
"ES","ESP","Spain",2022,42.9799426934097,46.5580996673408
"ES","ESP","Spain",2023,44.2857142857143,46.977199724974
"EE","EST","Estonia",2000,17.8217821782178,48.6228665090046
"EE","EST","Estonia",2001,17.8217821782178,48.8238151932368
"EE","EST","Estonia",2002,17.8217821782178,48.7844170836699
"EE","EST","Estonia",2003,18.8118811881188,48.430718307941
"EE","EST","Estonia",2004,18.8118811881188,49.1211447698152
"EE","EST","Estonia",2005,18.8118811881188,49.6639560357952
"EE","EST","Estonia",2006,18.8118811881188,49.1329296241348
"EE","EST","Estonia",2007,20.7920792079208,48.5483413337657
"EE","EST","Estonia",2008,20.7920792079208,48.701130763373
"EE","EST","Estonia",2009,22.7722772277228,48.9201260518229
"EE","EST","Estonia",2010,22.7722772277228,49.4078195929126
"EE","EST","Estonia",2011,19.8019801980198,49.261890392432
"EE","EST","Estonia",2012,20.7920792079208,49.022305729597
"EE","EST","Estonia",2013,20.7920792079208,48.931242404069
"EE","EST","Estonia",2014,19,48.3220085258106
"EE","EST","Estonia",2015,23.7623762376238,48.7308269575722
"EE","EST","Estonia",2016,23.7623762376238,48.4846160858599
"EE","EST","Estonia",2017,26.7326732673267,48.5263000957618
"EE","EST","Estonia",2018,26.7326732673267,48.421943236106
"EE","EST","Estonia",2019,29.7029702970297,48.5874084735501
"EE","EST","Estonia",2020,28.7128712871287,48.4052859662024
"EE","EST","Estonia",2021,25.7425742574257,48.7800056882821
"EE","EST","Estonia",2022,25.7425742574257,49.2223042303986
"EE","EST","Estonia",2023,28.7128712871287,49.5386635672625
"ET","ETH","Ethiopia",2000,7.69230769230769,46.2829940858409
"ET","ETH","Ethiopia",2001,7.6782449725777,46.1888312820007
"ET","ETH","Ethiopia",2002,7.6782449725777,46.1153210618394
"ET","ETH","Ethiopia",2003,7.6782449725777,46.060052103775
"ET","ETH","Ethiopia",2004,7.6782449725777,46.0197356283817
"ET","ETH","Ethiopia",2005,21.4285714285714,45.9944245655811
"ET","ETH","Ethiopia",2006,21.9281663516068,45.9772792287907
"ET","ETH","Ethiopia",2007,21.9281663516068,45.9700849526539
"ET","ETH","Ethiopia",2008,21.9281663516068,45.972061919705
"ET","ETH","Ethiopia",2009,21.9281663516068,45.9803303314217
"ET","ETH","Ethiopia",2010,27.7879341864717,45.9926450800883
"ET","ETH","Ethiopia",2011,27.7879341864717,46.0073430125849
"ET","ETH","Ethiopia",2012,27.7879341864717,46.0251304946169
"ET","ETH","Ethiopia",2013,27.7879341864717,46.049278944655
"ET","ETH","Ethiopia",2014,27.7879341864717,45.7007365419163
"ET","ETH","Ethiopia",2015,38.7568555758684,45.3372359275058
"ET","ETH","Ethiopia",2016,38.7568555758684,44.955412928323
"ET","ETH","Ethiopia",2017,38.7568555758684,44.5537296054752
"ET","ETH","Ethiopia",2018,38.7568555758684,44.1217751458626
"ET","ETH","Ethiopia",2019,38.7568555758684,43.6574395697615
"ET","ETH","Ethiopia",2020,38.7568555758684,43.0745729746191
"ET","ETH","Ethiopia",2021,42.5882352941177,42.5166824327051
"ET","ETH","Ethiopia",2022,41.4893617021277,42.7188405634716
"ET","ETH","Ethiopia",2023,41.3135593220339,42.838588907232
"FI","FIN","Finland",2000,36.5,47.6152476544554
"FI","FIN","Finland",2001,36.5,47.7813657654347
"FI","FIN","Finland",2002,36.5,47.9614138557624
"FI","FIN","Finland",2003,37.5,47.8287166203169
"FI","FIN","Finland",2004,37.5,47.9748416066233
"FI","FIN","Finland",2005,37.5,48.1494033048303
"FI","FIN","Finland",2006,38,48.2200991529155
"FI","FIN","Finland",2007,41.5,48.2520984543706
"FI","FIN","Finland",2008,41.5,48.0093483620111
"FI","FIN","Finland",2009,40,48.365749108895
"FI","FIN","Finland",2010,40,48.0273746137839
"FI","FIN","Finland",2011,42.5,47.7990827886346
"FI","FIN","Finland",2012,42.5,48.0583374263808
"FI","FIN","Finland",2013,42.5,48.1573043910601
"FI","FIN","Finland",2014,42.5,48.1974127940363
"FI","FIN","Finland",2015,41.5,48.2364071390275
"FI","FIN","Finland",2016,41.5,47.9922426968028
"FI","FIN","Finland",2017,42,47.8782762697957
"FI","FIN","Finland",2018,42,47.8908938728785
"FI","FIN","Finland",2019,47,47.9475579382421
"FI","FIN","Finland",2020,46,47.7529793028362
"FI","FIN","Finland",2021,46,47.6190425169066
"FI","FIN","Finland",2022,45.5,48.2149419948379
"FI","FIN","Finland",2023,46,48.5290609440681
"FJ","FJI","Fiji",2000,NA,32.1114640271827
"FJ","FJI","Fiji",2001,5.71428571428571,31.8354081143848
"FJ","FJI","Fiji",2002,5.71428571428571,31.5577802297036
"FJ","FJI","Fiji",2003,5.71428571428571,31.2776175618914
"FJ","FJI","Fiji",2004,8.45070422535211,30.9919234918506
"FJ","FJI","Fiji",2005,8.45070422535211,30.7060474550686
"FJ","FJI","Fiji",2006,NA,31.6189014475058
"FJ","FJI","Fiji",2007,NA,32.5176371718601
"FJ","FJI","Fiji",2008,NA,33.4406501355793
"FJ","FJI","Fiji",2009,NA,34.3903435916515
"FJ","FJI","Fiji",2010,NA,35.3246387929932
"FJ","FJI","Fiji",2011,NA,36.2383785701083
"FJ","FJI","Fiji",2012,NA,35.9489185422849
"FJ","FJI","Fiji",2013,NA,35.6658558714584
"FJ","FJI","Fiji",2014,14,35.3905809288324
"FJ","FJI","Fiji",2015,16,34.5324429001769
"FJ","FJI","Fiji",2016,16,33.660332891442
"FJ","FJI","Fiji",2017,16,33.7756639643281
"FJ","FJI","Fiji",2018,19.6078431372549,33.8894372356902
"FJ","FJI","Fiji",2019,19.6078431372549,33.9553543544586
"FJ","FJI","Fiji",2020,19.6078431372549,33.9291914980111
"FJ","FJI","Fiji",2021,21.5686274509804,34.0366096941402
"FJ","FJI","Fiji",2022,19.6078431372549,33.9602961589418
"FJ","FJI","Fiji",2023,10.9090909090909,34.123473385853
"FR","FRA","France",2000,10.9185441941075,45.7375553921615
"FR","FRA","France",2001,10.9185441941075,45.7136248823957
"FR","FRA","France",2002,12.1317157712305,45.7031349308647
"FR","FRA","France",2003,12.1951219512195,46.3538436881588
"FR","FRA","France",2004,12.1951219512195,46.3418445821243
"FR","FRA","France",2005,12.1951219512195,46.7655084413648
"FR","FRA","France",2006,12.1951219512195,46.9137326921166
"FR","FRA","France",2007,18.1975736568458,47.1454869284624
"FR","FRA","France",2008,18.1975736568458,47.1988703874465
"FR","FRA","France",2009,18.8908145580589,47.3491466140809
"FR","FRA","France",2010,18.8908145580589,47.4387845749996
"FR","FRA","France",2011,18.8908145580589,47.5249937583521
"FR","FRA","France",2012,26.8630849220104,47.5365927297345
"FR","FRA","France",2013,26.8630849220104,47.6019487308338
"FR","FRA","France",2014,26.1698440207972,47.747763113742
"FR","FRA","France",2015,26.1698440207972,47.8383176022214
"FR","FRA","France",2016,26.1698440207972,47.9005082473534
"FR","FRA","France",2017,38.9948006932409,47.8074780493744
"FR","FRA","France",2018,39.5833333333333,47.943260971302
"FR","FRA","France",2019,39.6880415944541,48.0539004612523
"FR","FRA","France",2020,39.5147313691508,48.0896032338327
"FR","FRA","France",2021,39.5147313691508,48.4218589975882
"FR","FRA","France",2022,37.261698440208,48.3951015481279
"FR","FRA","France",2023,37.7816291161178,48.5123937962774
"FO","FRO","Faroe Islands",2000,NA,NA
"FO","FRO","Faroe Islands",2001,NA,NA
"FO","FRO","Faroe Islands",2002,NA,NA
"FO","FRO","Faroe Islands",2003,NA,NA
"FO","FRO","Faroe Islands",2004,NA,NA
"FO","FRO","Faroe Islands",2005,NA,NA
"FO","FRO","Faroe Islands",2006,NA,NA
"FO","FRO","Faroe Islands",2007,NA,NA
"FO","FRO","Faroe Islands",2008,NA,NA
"FO","FRO","Faroe Islands",2009,NA,NA
"FO","FRO","Faroe Islands",2010,NA,NA
"FO","FRO","Faroe Islands",2011,NA,NA
"FO","FRO","Faroe Islands",2012,NA,NA
"FO","FRO","Faroe Islands",2013,NA,NA
"FO","FRO","Faroe Islands",2014,NA,NA
"FO","FRO","Faroe Islands",2015,NA,NA
"FO","FRO","Faroe Islands",2016,NA,NA
"FO","FRO","Faroe Islands",2017,NA,NA
"FO","FRO","Faroe Islands",2018,NA,NA
"FO","FRO","Faroe Islands",2019,NA,NA
"FO","FRO","Faroe Islands",2020,NA,NA
"FO","FRO","Faroe Islands",2021,NA,NA
"FO","FRO","Faroe Islands",2022,NA,NA
"FO","FRO","Faroe Islands",2023,NA,NA
"FM","FSM","Micronesia, Fed. Sts.",2000,0,NA
"FM","FSM","Micronesia, Fed. Sts.",2001,0,NA
"FM","FSM","Micronesia, Fed. Sts.",2002,0,NA
"FM","FSM","Micronesia, Fed. Sts.",2003,0,NA
"FM","FSM","Micronesia, Fed. Sts.",2004,0,NA
"FM","FSM","Micronesia, Fed. Sts.",2005,0,NA
"FM","FSM","Micronesia, Fed. Sts.",2006,0,NA
"FM","FSM","Micronesia, Fed. Sts.",2007,0,NA
"FM","FSM","Micronesia, Fed. Sts.",2008,0,NA
"FM","FSM","Micronesia, Fed. Sts.",2009,0,NA
"FM","FSM","Micronesia, Fed. Sts.",2010,0,NA
"FM","FSM","Micronesia, Fed. Sts.",2011,0,NA
"FM","FSM","Micronesia, Fed. Sts.",2012,0,NA
"FM","FSM","Micronesia, Fed. Sts.",2013,0,NA
"FM","FSM","Micronesia, Fed. Sts.",2014,0,NA
"FM","FSM","Micronesia, Fed. Sts.",2015,0,NA
"FM","FSM","Micronesia, Fed. Sts.",2016,0,NA
"FM","FSM","Micronesia, Fed. Sts.",2017,0,NA
"FM","FSM","Micronesia, Fed. Sts.",2018,0,NA
"FM","FSM","Micronesia, Fed. Sts.",2019,0,NA
"FM","FSM","Micronesia, Fed. Sts.",2020,0,NA
"FM","FSM","Micronesia, Fed. Sts.",2021,7.14285714285714,NA
"FM","FSM","Micronesia, Fed. Sts.",2022,7.14285714285714,NA
"FM","FSM","Micronesia, Fed. Sts.",2023,14.2857142857143,NA
"GA","GAB","Gabon",2000,9.16666666666667,40.0305511594303
"GA","GAB","Gabon",2001,9.16666666666667,40.1217176002263
"GA","GAB","Gabon",2002,9.2436974789916,40.1871017052438
"GA","GAB","Gabon",2003,9.2436974789916,40.2802788302318
"GA","GAB","Gabon",2004,9.2436974789916,40.3433041700026
"GA","GAB","Gabon",2005,9.2436974789916,40.4040169123359
"GA","GAB","Gabon",2006,12.5,40.3748563661646
"GA","GAB","Gabon",2007,16.6666666666667,40.424301448378
"GA","GAB","Gabon",2008,16.6666666666667,40.3449177977501
"GA","GAB","Gabon",2009,14.6551724137931,40.2726779460366
"GA","GAB","Gabon",2010,14.6551724137931,40.2379998033685
"GA","GAB","Gabon",2011,14.1666666666667,40.1687914920111
"GA","GAB","Gabon",2012,15.7894736842105,40.0702534351991
"GA","GAB","Gabon",2013,15.7894736842105,39.9895920860078
"GA","GAB","Gabon",2014,15,39.9135162633939
"GA","GAB","Gabon",2015,14.1666666666667,39.8549327162081
"GA","GAB","Gabon",2016,14.1666666666667,39.7943459176792
"GA","GAB","Gabon",2017,17.0940170940171,39.7288352299196
"GA","GAB","Gabon",2018,NA,39.686896793763
"GA","GAB","Gabon",2019,17.910447761194,39.7019387410459
"GA","GAB","Gabon",2020,14.7887323943662,39.7127034708711
"GA","GAB","Gabon",2021,16.1971830985916,39.9567886321708
"GA","GAB","Gabon",2022,15.3846153846154,39.6705631233553
"GA","GAB","Gabon",2023,24.4897959183673,39.7609908786164
"GB","GBR","United Kingdom",2000,18.361153262519,45.6238772322942
"GB","GBR","United Kingdom",2001,17.9059180576631,45.7422197165668
"GB","GBR","United Kingdom",2002,17.9059180576631,45.9978841752258
"GB","GBR","United Kingdom",2003,17.9059180576631,45.8472766430222
"GB","GBR","United Kingdom",2004,18.0576631259484,46.1381916275814
"GB","GBR","United Kingdom",2005,19.6594427244582,46.1903835500534
"GB","GBR","United Kingdom",2006,19.6594427244582,46.2528013803609
"GB","GBR","United Kingdom",2007,19.5046439628483,46.1259426711763
"GB","GBR","United Kingdom",2008,19.5046439628483,46.1511359470745
"GB","GBR","United Kingdom",2009,19.5046439628483,46.379855181542
"GB","GBR","United Kingdom",2010,22,46.4110623727829
"GB","GBR","United Kingdom",2011,22.3076923076923,46.4966961227096
"GB","GBR","United Kingdom",2012,22.4615384615385,46.5195081880042
"GB","GBR","United Kingdom",2013,22.4615384615385,46.7446217312835
"GB","GBR","United Kingdom",2014,22.6153846153846,46.8343542069123
"GB","GBR","United Kingdom",2015,29.3846153846154,46.8632052725029
"GB","GBR","United Kingdom",2016,29.5839753466872,46.9873107091733
"GB","GBR","United Kingdom",2017,32,47.1198608582374
"GB","GBR","United Kingdom",2018,32.1538461538462,47.1514554154492
"GB","GBR","United Kingdom",2019,32,47.5414118999499
"GB","GBR","United Kingdom",2020,33.8461538461538,47.7497872465625
"GB","GBR","United Kingdom",2021,34.2592592592593,47.9734752861735
"GB","GBR","United Kingdom",2022,34.5679012345679,47.7427993267767
"GB","GBR","United Kingdom",2023,34.6153846153846,47.5312443095413
"GE","GEO","Georgia",2000,7.23404255319149,51.2299147799461
"GE","GEO","Georgia",2001,7.23404255319149,51.1236184236794
"GE","GEO","Georgia",2002,7.23404255319149,50.9848418788831
"GE","GEO","Georgia",2003,7.23404255319149,50.6260209040184
"GE","GEO","Georgia",2004,9.36170212765957,50.3328702966053
"GE","GEO","Georgia",2005,9.36170212765957,49.9693235235214
"GE","GEO","Georgia",2006,9.36170212765957,49.6612641882209
"GE","GEO","Georgia",2007,9.36170212765957,49.3627828651676
"GE","GEO","Georgia",2008,6,49.2515491486003
"GE","GEO","Georgia",2009,5.10948905109489,49.2129035177528
"GE","GEO","Georgia",2010,6.52173913043478,49.010212067309
"GE","GEO","Georgia",2011,6.56934306569343,48.7961272613265
"GE","GEO","Georgia",2012,12,48.6102312673999
"GE","GEO","Georgia",2013,12,48.4504564892286
"GE","GEO","Georgia",2014,12,48.3885002811294
"GE","GEO","Georgia",2015,11.3333333333333,48.4156021769168
"GE","GEO","Georgia",2016,16,48.4485718080495
"GE","GEO","Georgia",2017,16,48.4831706876068
"GE","GEO","Georgia",2018,16,47.6940826329977
"GE","GEO","Georgia",2019,14.7651006711409,47.5872915875591
"GE","GEO","Georgia",2020,20.6666666666667,47.6787080013001
"GE","GEO","Georgia",2021,19.3333333333333,47.6242168895607
"GE","GEO","Georgia",2022,19.047619047619,47.9231095391188
"GE","GEO","Georgia",2023,18.4397163120567,48.0602615485334
"GH","GHA","Ghana",2000,NA,48.2988370266267
"GH","GHA","Ghana",2001,9,48.2067299073252
"GH","GHA","Ghana",2002,9,48.1125157182636
"GH","GHA","Ghana",2003,9,48.0201749183722
"GH","GHA","Ghana",2004,10.8695652173913,47.9310626185594
"GH","GHA","Ghana",2005,10.8695652173913,47.8431855395396
"GH","GHA","Ghana",2006,10.8695652173913,47.7577384252065
"GH","GHA","Ghana",2007,10.8695652173913,47.6739301886971
"GH","GHA","Ghana",2008,7.89473684210526,47.5937518144909
"GH","GHA","Ghana",2009,8.26086956521739,47.5180279178857
"GH","GHA","Ghana",2010,8.26086956521739,47.4451326710243
"GH","GHA","Ghana",2011,8.26086956521739,47.3777871302391
"GH","GHA","Ghana",2012,NA,47.3129833783408
"GH","GHA","Ghana",2013,10.9090909090909,47.2493344202663
"GH","GHA","Ghana",2014,10.9090909090909,47.2946945491463
"GH","GHA","Ghana",2015,10.9090909090909,47.354187065257
"GH","GHA","Ghana",2016,10.9090909090909,47.4060918237832
"GH","GHA","Ghana",2017,12.7272727272727,47.470497843255
"GH","GHA","Ghana",2018,12.7272727272727,47.4905068522407
"GH","GHA","Ghana",2019,13.0909090909091,47.5106331074982
"GH","GHA","Ghana",2020,13.0909090909091,47.4096099427806
"GH","GHA","Ghana",2021,14.5454545454545,47.4546887986688
"GH","GHA","Ghana",2022,14.5454545454545,47.3493156308749
"GH","GHA","Ghana",2023,14.5454545454545,47.4044046300346
"GI","GIB","Gibraltar",2000,NA,NA
"GI","GIB","Gibraltar",2001,NA,NA
"GI","GIB","Gibraltar",2002,NA,NA
"GI","GIB","Gibraltar",2003,NA,NA
"GI","GIB","Gibraltar",2004,NA,NA
"GI","GIB","Gibraltar",2005,NA,NA
"GI","GIB","Gibraltar",2006,NA,NA
"GI","GIB","Gibraltar",2007,NA,NA
"GI","GIB","Gibraltar",2008,NA,NA
"GI","GIB","Gibraltar",2009,NA,NA
"GI","GIB","Gibraltar",2010,NA,NA
"GI","GIB","Gibraltar",2011,NA,NA
"GI","GIB","Gibraltar",2012,NA,NA
"GI","GIB","Gibraltar",2013,NA,NA
"GI","GIB","Gibraltar",2014,NA,NA
"GI","GIB","Gibraltar",2015,NA,NA
"GI","GIB","Gibraltar",2016,NA,NA
"GI","GIB","Gibraltar",2017,NA,NA
"GI","GIB","Gibraltar",2018,NA,NA
"GI","GIB","Gibraltar",2019,NA,NA
"GI","GIB","Gibraltar",2020,NA,NA
"GI","GIB","Gibraltar",2021,NA,NA
"GI","GIB","Gibraltar",2022,NA,NA
"GI","GIB","Gibraltar",2023,NA,NA
"GN","GIN","Guinea",2000,8.7719298245614,50.7893307219481
"GN","GIN","Guinea",2001,8.7719298245614,50.8924578707021
"GN","GIN","Guinea",2002,NA,50.9918560289581
"GN","GIN","Guinea",2003,19.2982456140351,50.5511509733801
"GN","GIN","Guinea",2004,19.2982456140351,50.1345769793751
"GN","GIN","Guinea",2005,19.2982456140351,49.7624623365702
"GN","GIN","Guinea",2006,19.2982456140351,49.3547901318597
"GN","GIN","Guinea",2007,19.2982456140351,48.8663460385093
"GN","GIN","Guinea",2008,NA,48.3359323099743
"GN","GIN","Guinea",2009,NA,47.7913198183212
"GN","GIN","Guinea",2010,NA,47.2317059158708
"GN","GIN","Guinea",2011,NA,46.6507627072991
"GN","GIN","Guinea",2012,NA,46.0604558969276
"GN","GIN","Guinea",2013,NA,45.460077506966
"GN","GIN","Guinea",2014,21.9298245614035,44.8356084841579
"GN","GIN","Guinea",2015,21.9298245614035,44.1803953727353
"GN","GIN","Guinea",2016,21.9298245614035,43.5047675000198
"GN","GIN","Guinea",2017,21.9298245614035,42.8209920733057
"GN","GIN","Guinea",2018,21.9298245614035,42.1242578391144
"GN","GIN","Guinea",2019,22.8070175438596,41.4076583498504
"GN","GIN","Guinea",2020,16.6666666666667,41.3220974318903
"GN","GIN","Guinea",2021,NA,41.1889179984531
"GN","GIN","Guinea",2022,29.6296296296296,41.4923951414294
"GN","GIN","Guinea",2023,29.6296296296296,41.6378587732032
"GM","GMB","Gambia, The",2000,2.04081632653061,48.0515943685137
"GM","GMB","Gambia, The",2001,2.04081632653061,48.263105774266
"GM","GMB","Gambia, The",2002,5.66037735849057,47.8471504549694
"GM","GMB","Gambia, The",2003,13.2075471698113,48.1183176811651
"GM","GMB","Gambia, The",2004,13.2075471698113,48.3952102615599
"GM","GMB","Gambia, The",2005,13.2075471698113,48.0202318113535
"GM","GMB","Gambia, The",2006,13.2075471698113,47.7654047679968
"GM","GMB","Gambia, The",2007,9.43396226415094,47.7500242141174
"GM","GMB","Gambia, The",2008,9.43396226415094,47.9424382003304
"GM","GMB","Gambia, The",2009,7.54716981132075,48.1609123756633
"GM","GMB","Gambia, The",2010,7.54716981132075,48.3290823269594
"GM","GMB","Gambia, The",2011,7.54716981132075,47.4991512956886
"GM","GMB","Gambia, The",2012,7.54716981132075,47.6176915156959
"GM","GMB","Gambia, The",2013,7.54716981132075,47.5781747435444
"GM","GMB","Gambia, The",2014,9.43396226415094,47.2497052428164
"GM","GMB","Gambia, The",2015,9.43396226415094,47.3056234881642
"GM","GMB","Gambia, The",2016,9.43396226415094,47.2270766007459
"GM","GMB","Gambia, The",2017,10.3448275862069,47.3513104522222
"GM","GMB","Gambia, The",2018,10.3448275862069,47.6440516763097
"GM","GMB","Gambia, The",2019,10.3448275862069,47.8778179794044
"GM","GMB","Gambia, The",2020,8.62068965517241,47.7292050599259
"GM","GMB","Gambia, The",2021,8.62068965517241,47.9023141342692
"GM","GMB","Gambia, The",2022,8.62068965517241,48.0952922909333
"GM","GMB","Gambia, The",2023,8.62068965517241,48.2442549296071
"GW","GNB","Guinea-Bissau",2000,7.84313725490196,45.9112661168092
"GW","GNB","Guinea-Bissau",2001,7.84313725490196,45.9253735354187
"GW","GNB","Guinea-Bissau",2002,7.84313725490196,45.935737704918
"GW","GNB","Guinea-Bissau",2003,NA,45.9411738363675
"GW","GNB","Guinea-Bissau",2004,14,45.9454120504375
"GW","GNB","Guinea-Bissau",2005,14,45.9414419345814
"GW","GNB","Guinea-Bissau",2006,14,45.9240333238484
"GW","GNB","Guinea-Bissau",2007,14,45.9075828836665
"GW","GNB","Guinea-Bissau",2008,10,45.8978686261545
"GW","GNB","Guinea-Bissau",2009,10,45.8980605965629
"GW","GNB","Guinea-Bissau",2010,10,45.9043899949858
"GW","GNB","Guinea-Bissau",2011,10,45.9119691811195
"GW","GNB","Guinea-Bissau",2012,14,45.9224616826183
"GW","GNB","Guinea-Bissau",2013,14,45.9405422363388
"GW","GNB","Guinea-Bissau",2014,13.7254901960784,45.9705056490305
"GW","GNB","Guinea-Bissau",2015,13.7254901960784,46.0198543076236
"GW","GNB","Guinea-Bissau",2016,13.7254901960784,46.0851850139519
"GW","GNB","Guinea-Bissau",2017,13.7254901960784,46.175791805351
"GW","GNB","Guinea-Bissau",2018,13.7254901960784,46.2927628055895
"GW","GNB","Guinea-Bissau",2019,13.7254901960784,46.5122039992195
"GW","GNB","Guinea-Bissau",2020,13.7254901960784,46.8008409729731
"GW","GNB","Guinea-Bissau",2021,13.7254901960784,47.1295245269957
"GW","GNB","Guinea-Bissau",2022,13.7254901960784,47.5725878951333
"GW","GNB","Guinea-Bissau",2023,9.80392156862745,47.648330026494
"GQ","GNQ","Equatorial Guinea",2000,5,42.4822135659788
"GQ","GNQ","Equatorial Guinea",2001,5,42.6158286609996
"GQ","GNQ","Equatorial Guinea",2002,5,42.7963242334204
"GQ","GNQ","Equatorial Guinea",2003,5,42.9982782243484
"GQ","GNQ","Equatorial Guinea",2004,18,43.1828107258276
"GQ","GNQ","Equatorial Guinea",2005,18,43.1260328318587
"GQ","GNQ","Equatorial Guinea",2006,18,42.8368474461608
"GQ","GNQ","Equatorial Guinea",2007,18,42.5189304973601
"GQ","GNQ","Equatorial Guinea",2008,6,42.182661945981
"GQ","GNQ","Equatorial Guinea",2009,10,41.8467759727115
"GQ","GNQ","Equatorial Guinea",2010,10,41.5207019190511
"GQ","GNQ","Equatorial Guinea",2011,10,41.2180850598255
"GQ","GNQ","Equatorial Guinea",2012,10,40.9433631422059
"GQ","GNQ","Equatorial Guinea",2013,12.1212121212121,40.6969952495719
"GQ","GNQ","Equatorial Guinea",2014,24,40.4767034999571
"GQ","GNQ","Equatorial Guinea",2015,24,40.2913819164822
"GQ","GNQ","Equatorial Guinea",2016,24,40.1485976992117
"GQ","GNQ","Equatorial Guinea",2017,NA,40.0532334051454
"GQ","GNQ","Equatorial Guinea",2018,20,40.0182761659215
"GQ","GNQ","Equatorial Guinea",2019,21,40.0506734904443
"GQ","GNQ","Equatorial Guinea",2020,21,40.0313674634156
"GQ","GNQ","Equatorial Guinea",2021,23,40.3014872971597
"GQ","GNQ","Equatorial Guinea",2022,31,40.029165890462
"GQ","GNQ","Equatorial Guinea",2023,31,39.9198521654784
"GR","GRC","Greece",2000,8.66666666666667,39.1707353977682
"GR","GRC","Greece",2001,8.66666666666667,38.9424810577257
"GR","GRC","Greece",2002,8.66666666666667,39.2461527610174
"GR","GRC","Greece",2003,8.66666666666667,39.5383143097013
"GR","GRC","Greece",2004,14,40.2398939670486
"GR","GRC","Greece",2005,13,40.3638300689417
"GR","GRC","Greece",2006,13,40.5387506035476
"GR","GRC","Greece",2007,14.6666666666667,40.5939253656699
"GR","GRC","Greece",2008,14.6666666666667,40.65960292309
"GR","GRC","Greece",2009,17.3333333333333,41.4321451156971
"GR","GRC","Greece",2010,17.3333333333333,42.0184203855293
"GR","GRC","Greece",2011,18.6666666666667,42.5669355497782
"GR","GRC","Greece",2012,21,43.2303153108023
"GR","GRC","Greece",2013,21,43.4562184954234
"GR","GRC","Greece",2014,21,44.2286674861897
"GR","GRC","Greece",2015,19.6666666666667,44.8819489280815
"GR","GRC","Greece",2016,19.6666666666667,45.0254047466725
"GR","GRC","Greece",2017,18.3333333333333,44.8455171327026
"GR","GRC","Greece",2018,18.6666666666667,44.5562412291749
"GR","GRC","Greece",2019,20.6666666666667,44.5635828842102
"GR","GRC","Greece",2020,21.6666666666667,44.396790576152
"GR","GRC","Greece",2021,21.6666666666667,44.721788143863
"GR","GRC","Greece",2022,21,44.5980913157269
"GR","GRC","Greece",2023,23,44.8417142289226
"GD","GRD","Grenada",2000,26.6666666666667,NA
"GD","GRD","Grenada",2001,26.6666666666667,NA
"GD","GRD","Grenada",2002,26.6666666666667,NA
"GD","GRD","Grenada",2003,26.6666666666667,NA
"GD","GRD","Grenada",2004,26.6666666666667,NA
"GD","GRD","Grenada",2005,26.6666666666667,NA
"GD","GRD","Grenada",2006,26.6666666666667,NA
"GD","GRD","Grenada",2007,26.6666666666667,NA
"GD","GRD","Grenada",2008,13.3333333333333,NA
"GD","GRD","Grenada",2009,13.3333333333333,NA
"GD","GRD","Grenada",2010,13.3333333333333,NA
"GD","GRD","Grenada",2011,13.3333333333333,NA
"GD","GRD","Grenada",2012,13.3333333333333,NA
"GD","GRD","Grenada",2013,33.3333333333333,NA
"GD","GRD","Grenada",2014,33.3333333333333,NA
"GD","GRD","Grenada",2015,33.3333333333333,NA
"GD","GRD","Grenada",2016,33.3333333333333,NA
"GD","GRD","Grenada",2017,33.3333333333333,NA
"GD","GRD","Grenada",2018,46.6666666666667,NA
"GD","GRD","Grenada",2019,46.6666666666667,NA
"GD","GRD","Grenada",2020,46.6666666666667,NA
"GD","GRD","Grenada",2021,46.6666666666667,NA
"GD","GRD","Grenada",2022,31.25,NA
"GD","GRD","Grenada",2023,31.25,NA
"GL","GRL","Greenland",2000,NA,NA
"GL","GRL","Greenland",2001,NA,NA
"GL","GRL","Greenland",2002,NA,NA
"GL","GRL","Greenland",2003,NA,NA
"GL","GRL","Greenland",2004,NA,NA
"GL","GRL","Greenland",2005,NA,NA
"GL","GRL","Greenland",2006,NA,NA
"GL","GRL","Greenland",2007,NA,NA
"GL","GRL","Greenland",2008,NA,NA
"GL","GRL","Greenland",2009,NA,NA
"GL","GRL","Greenland",2010,NA,NA
"GL","GRL","Greenland",2011,NA,NA
"GL","GRL","Greenland",2012,NA,NA
"GL","GRL","Greenland",2013,NA,NA
"GL","GRL","Greenland",2014,NA,NA
"GL","GRL","Greenland",2015,NA,NA
"GL","GRL","Greenland",2016,NA,NA
"GL","GRL","Greenland",2017,NA,NA
"GL","GRL","Greenland",2018,NA,NA
"GL","GRL","Greenland",2019,NA,NA
"GL","GRL","Greenland",2020,NA,NA
"GL","GRL","Greenland",2021,NA,NA
"GL","GRL","Greenland",2022,NA,NA
"GL","GRL","Greenland",2023,NA,NA
"GT","GTM","Guatemala",2000,8.84955752212389,35.0856796446245
"GT","GTM","Guatemala",2001,8.84955752212389,35.1393828367888
"GT","GTM","Guatemala",2002,8.84955752212389,35.2684136893317
"GT","GTM","Guatemala",2003,8.22784810126582,36.0727617430849
"GT","GTM","Guatemala",2004,8.22784810126582,33.9478724329556
"GT","GTM","Guatemala",2005,8.22784810126582,34.1075690948495
"GT","GTM","Guatemala",2006,8.22784810126582,34.2764457950652
"GT","GTM","Guatemala",2007,12.0253164556962,34.4555520580442
"GT","GTM","Guatemala",2008,12.0253164556962,34.6461768664767
"GT","GTM","Guatemala",2009,12.0253164556962,34.8501414064801
"GT","GTM","Guatemala",2010,12.0253164556962,35.0648877333253
"GT","GTM","Guatemala",2011,13.2911392405063,33.2766637874061
"GT","GTM","Guatemala",2012,13.2911392405063,35.1992044478597
"GT","GTM","Guatemala",2013,13.2911392405063,33.5739541688194
"GT","GTM","Guatemala",2014,13.2911392405063,33.5305952125626
"GT","GTM","Guatemala",2015,13.9240506329114,32.3067736075318
"GT","GTM","Guatemala",2016,13.9240506329114,33.1664616117631
"GT","GTM","Guatemala",2017,12.6582278481013,32.2981406435686
"GT","GTM","Guatemala",2018,12.6582278481013,32.3199707410701
"GT","GTM","Guatemala",2019,19.375,31.9253784832553
"GT","GTM","Guatemala",2020,19.375,33.1864495650512
"GT","GTM","Guatemala",2021,19.375,34.3970152597645
"GT","GTM","Guatemala",2022,19.375,34.258098654044
"GT","GTM","Guatemala",2023,20,32.6090676094742
"GU","GUM","Guam",2000,NA,43.3234225305583
"GU","GUM","Guam",2001,NA,43.3557628518433
"GU","GUM","Guam",2002,NA,42.6965339962148
"GU","GUM","Guam",2003,NA,42.2280486601542
"GU","GUM","Guam",2004,NA,41.7382864698353
"GU","GUM","Guam",2005,NA,43.8900318462362
"GU","GUM","Guam",2006,NA,43.0463395691687
"GU","GUM","Guam",2007,NA,40.8270742870555
"GU","GUM","Guam",2008,NA,41.5316559127666
"GU","GUM","Guam",2009,NA,42.2109530718228
"GU","GUM","Guam",2010,NA,44.9182725512235
"GU","GUM","Guam",2011,NA,43.8479929200734
"GU","GUM","Guam",2012,NA,43.9888372582832
"GU","GUM","Guam",2013,NA,44.1110790006043
"GU","GUM","Guam",2014,NA,44.2365515158677
"GU","GUM","Guam",2015,NA,44.3245729303548
"GU","GUM","Guam",2016,NA,44.3889913089281
"GU","GUM","Guam",2017,NA,44.4918838893882
"GU","GUM","Guam",2018,NA,44.5277858906619
"GU","GUM","Guam",2019,NA,44.7136976047904
"GU","GUM","Guam",2020,NA,44.6995026832626
"GU","GUM","Guam",2021,NA,44.887211809587
"GU","GUM","Guam",2022,NA,44.8363846801347
"GU","GUM","Guam",2023,NA,44.9525846888329
"GY","GUY","Guyana",2000,18.4615384615385,31.2938386234041
"GY","GUY","Guyana",2001,18.4615384615385,30.9886214648638
"GY","GUY","Guyana",2002,20,30.6884502094806
"GY","GUY","Guyana",2003,20,31.2085616762371
"GY","GUY","Guyana",2004,30.7692307692308,31.7826569693638
"GY","GUY","Guyana",2005,30.7692307692308,32.3639997411915
"GY","GUY","Guyana",2006,28.9855072463768,32.9469199424308
"GY","GUY","Guyana",2007,28.9855072463768,33.5330764700456
"GY","GUY","Guyana",2008,30,34.1215882643346
"GY","GUY","Guyana",2009,30,34.7152911965941
"GY","GUY","Guyana",2010,30,35.3156127627198
"GY","GUY","Guyana",2011,31.3432835820896,35.9211148507691
"GY","GUY","Guyana",2012,31.3432835820896,36.6470285024372
"GY","GUY","Guyana",2013,31.3432835820896,37.4905520359504
"GY","GUY","Guyana",2014,31.3432835820896,38.3305922736237
"GY","GUY","Guyana",2015,30.4347826086957,39.1635006761268
"GY","GUY","Guyana",2016,30.4347826086957,39.9877449742611
"GY","GUY","Guyana",2017,31.8840579710145,40.8059897227278
"GY","GUY","Guyana",2018,31.8840579710145,41.0540247091249
"GY","GUY","Guyana",2019,31.8840579710145,40.995277390296
"GY","GUY","Guyana",2020,35.7142857142857,41.290762374045
"GY","GUY","Guyana",2021,35.7142857142857,41.4529885510179
"GY","GUY","Guyana",2022,35.3846153846154,43.5389260159955
"GY","GUY","Guyana",2023,36.6197183098592,44.3066463412725
"HK","HKG","Hong Kong SAR, China",2000,NA,41.7962769065976
"HK","HKG","Hong Kong SAR, China",2001,NA,42.9337242522914
"HK","HKG","Hong Kong SAR, China",2002,NA,43.9178870730743
"HK","HKG","Hong Kong SAR, China",2003,NA,44.1333447432124
"HK","HKG","Hong Kong SAR, China",2004,NA,44.6200413699843
"HK","HKG","Hong Kong SAR, China",2005,NA,45.2405439313588
"HK","HKG","Hong Kong SAR, China",2006,NA,45.7851814805988
"HK","HKG","Hong Kong SAR, China",2007,NA,46.3940216776787
"HK","HKG","Hong Kong SAR, China",2008,NA,46.9119615304907
"HK","HKG","Hong Kong SAR, China",2009,NA,47.2827932419939
"HK","HKG","Hong Kong SAR, China",2010,NA,47.2006926712514
"HK","HKG","Hong Kong SAR, China",2011,NA,47.9538134134798
"HK","HKG","Hong Kong SAR, China",2012,NA,48.2899099852188
"HK","HKG","Hong Kong SAR, China",2013,NA,48.7143107707568
"HK","HKG","Hong Kong SAR, China",2014,NA,49.0530991863102
"HK","HKG","Hong Kong SAR, China",2015,NA,49.3335046207868
"HK","HKG","Hong Kong SAR, China",2016,NA,49.579739793872
"HK","HKG","Hong Kong SAR, China",2017,NA,49.9526163681047
"HK","HKG","Hong Kong SAR, China",2018,NA,49.9800445550661
"HK","HKG","Hong Kong SAR, China",2019,NA,50.3918106507689
"HK","HKG","Hong Kong SAR, China",2020,NA,50.6082570909679
"HK","HKG","Hong Kong SAR, China",2021,NA,50.8258372456924
"HK","HKG","Hong Kong SAR, China",2022,NA,50.7245997850025
"HK","HKG","Hong Kong SAR, China",2023,NA,50.8073046586586
"HN","HND","Honduras",2000,9.375,33.7541516107669
"HN","HND","Honduras",2001,9.375,33.7095451539185
"HN","HND","Honduras",2002,5.46875,33.6695567986146
"HN","HND","Honduras",2003,5.46875,33.6349528268448
"HN","HND","Honduras",2004,5.46875,33.6070318362097
"HN","HND","Honduras",2005,23.4375,33.5865354878473
"HN","HND","Honduras",2006,23.4375,32.1448666738954
"HN","HND","Honduras",2007,23.4375,32.0945757396269
"HN","HND","Honduras",2008,23.4375,33.1127978230098
"HN","HND","Honduras",2009,17.96875,33.6550377949249
"HN","HND","Honduras",2010,17.96875,34.4536039024196
"HN","HND","Honduras",2011,19.53125,33.217181053098
"HN","HND","Honduras",2012,19.53125,32.7872323819788
"HN","HND","Honduras",2013,NA,34.636381615946
"HN","HND","Honduras",2014,25.78125,35.853595463368
"HN","HND","Honduras",2015,25.78125,36.3113904104683
"HN","HND","Honduras",2016,25.78125,36.2475828272611
"HN","HND","Honduras",2017,NA,35.5421884019224
"HN","HND","Honduras",2018,21.09375,37.6076347817474
"HN","HND","Honduras",2019,21.09375,35.2327372159537
"HN","HND","Honduras",2020,21.09375,39.5313234717868
"HN","HND","Honduras",2021,27.34375,39.6149507492415
"HN","HND","Honduras",2022,27.34375,37.1976283674277
"HN","HND","Honduras",2023,27.34375,34.860503371274
"HR","HRV","Croatia",2000,20.5298013245033,44.358787752236
"HR","HRV","Croatia",2001,20.5298013245033,44.5873780177374
"HR","HRV","Croatia",2002,20.5298013245033,44.822699002734
"HR","HRV","Croatia",2003,NA,44.7679283055376
"HR","HRV","Croatia",2004,21.7105263157895,44.9012121785599
"HR","HRV","Croatia",2005,21.7105263157895,45.299740894529
"HR","HRV","Croatia",2006,21.7105263157895,45.7811595977854
"HR","HRV","Croatia",2007,20.9150326797386,44.7251599188106
"HR","HRV","Croatia",2008,20.9150326797386,45.1148998952142
"HR","HRV","Croatia",2009,23.5294117647059,46.0446850843821
"HR","HRV","Croatia",2010,23.5294117647059,45.9343192319282
"HR","HRV","Croatia",2011,23.841059602649,45.0523352883826
"HR","HRV","Croatia",2012,23.841059602649,45.4214786437484
"HR","HRV","Croatia",2013,23.841059602649,45.90471425419
"HR","HRV","Croatia",2014,23.841059602649,46.4478928395363
"HR","HRV","Croatia",2015,15.2317880794702,46.4931382063576
"HR","HRV","Croatia",2016,12.5827814569536,46.2375369281363
"HR","HRV","Croatia",2017,18.5430463576159,46.1200929775357
"HR","HRV","Croatia",2018,18.5430463576159,46.3030625660383
"HR","HRV","Croatia",2019,20.5298013245033,46.1210468901338
"HR","HRV","Croatia",2020,31.1258278145695,45.6739366327073
"HR","HRV","Croatia",2021,31.1258278145695,46.1552614982266
"HR","HRV","Croatia",2022,31.7880794701987,46.8263597301433
"HR","HRV","Croatia",2023,31.7880794701987,47.1887436568448
"HT","HTI","Haiti",2000,NA,45.916862333726
"HT","HTI","Haiti",2001,3.6144578313253,45.9989633637185
"HT","HTI","Haiti",2002,3.6144578313253,46.0840609422001
"HT","HTI","Haiti",2003,3.6144578313253,46.1716089844498
"HT","HTI","Haiti",2004,3.6144578313253,46.2606898661656
"HT","HTI","Haiti",2005,3.6144578313253,46.3530241314662
"HT","HTI","Haiti",2006,2.04081632653061,46.4425581423216
"HT","HTI","Haiti",2007,4.08163265306122,46.5348414033479
"HT","HTI","Haiti",2008,4.08163265306122,46.6277207387451
"HT","HTI","Haiti",2009,4.08163265306122,46.7201041926926
"HT","HTI","Haiti",2010,11.1111111111111,46.7847442005628
"HT","HTI","Haiti",2011,4.21052631578947,47.0074755727662
"HT","HTI","Haiti",2012,4.21052631578947,47.043859449883
"HT","HTI","Haiti",2013,4.21052631578947,47.2536011271222
"HT","HTI","Haiti",2014,4.21052631578947,47.4040312833577
"HT","HTI","Haiti",2015,4.21052631578947,47.4920755685033
"HT","HTI","Haiti",2016,0,47.6000881997518
"HT","HTI","Haiti",2017,2.54237288135593,47.7381300348724
"HT","HTI","Haiti",2018,2.54237288135593,47.8412253091117
"HT","HTI","Haiti",2019,2.54237288135593,47.7966191581041
"HT","HTI","Haiti",2020,NA,47.8256760153639
"HT","HTI","Haiti",2021,NA,48.0553056354707
"HT","HTI","Haiti",2022,NA,47.0671731878809
"HT","HTI","Haiti",2023,NA,46.8512176356349
"HU","HUN","Hungary",2000,8.29015544041451,47.3056196986066
"HU","HUN","Hungary",2001,8.29015544041451,47.3693959583774
"HU","HUN","Hungary",2002,9.06735751295337,47.4414964520634
"HU","HUN","Hungary",2003,9.84455958549223,47.498557826084
"HU","HUN","Hungary",2004,9.09090909090909,47.5652453893108
"HU","HUN","Hungary",2005,9.09090909090909,47.6007965255902
"HU","HUN","Hungary",2006,10.3626943005181,47.6284785324757
"HU","HUN","Hungary",2007,11.139896373057,47.5715896239181
"HU","HUN","Hungary",2008,11.139896373057,47.5300449107243
"HU","HUN","Hungary",2009,11.139896373057,47.2631015160567
"HU","HUN","Hungary",2010,9.06735751295337,47.665560617899
"HU","HUN","Hungary",2011,8.80829015544041,47.614700896879
"HU","HUN","Hungary",2012,8.80829015544041,47.6234161588306
"HU","HUN","Hungary",2013,8.80829015544041,47.295175357008
"HU","HUN","Hungary",2014,10.0502512562814,47.0964094255928
"HU","HUN","Hungary",2015,10.1010101010101,47.0090958276745
"HU","HUN","Hungary",2016,10.1010101010101,46.9475098712367
"HU","HUN","Hungary",2017,10.0502512562814,46.6745678954825
"HU","HUN","Hungary",2018,12.5628140703518,46.6599871786918
"HU","HUN","Hungary",2019,12.5628140703518,46.2801727919735
"HU","HUN","Hungary",2020,12.0603015075377,46.2589078306909
"HU","HUN","Hungary",2021,13.0653266331658,46.4883882389197
"HU","HUN","Hungary",2022,14.070351758794,46.6346704815651
"HU","HUN","Hungary",2023,14.070351758794,46.8474243538131
"ID","IDN","Indonesia",2000,8,38.4751489332459
"ID","IDN","Indonesia",2001,8,37.5504413917318
"ID","IDN","Indonesia",2002,8,36.7076975604335
"ID","IDN","Indonesia",2003,8,36.7062454492872
"ID","IDN","Indonesia",2004,11.2727272727273,36.2170272994368
"ID","IDN","Indonesia",2005,11.2727272727273,36.0144655947966
"ID","IDN","Indonesia",2006,11.2727272727273,36.0479574706164
"ID","IDN","Indonesia",2007,11.6363636363636,37.84342857898
"ID","IDN","Indonesia",2008,11.6363636363636,38.1607573067421
"ID","IDN","Indonesia",2009,17.8571428571429,38.2686410284796
"ID","IDN","Indonesia",2010,18.0357142857143,38.4546616270421
"ID","IDN","Indonesia",2011,18.2142857142857,38.2643652741731
"ID","IDN","Indonesia",2012,18.5714285714286,38.3402240532941
"ID","IDN","Indonesia",2013,18.5714285714286,38.1245112058003
"ID","IDN","Indonesia",2014,16.9369369369369,38.1356228773566
"ID","IDN","Indonesia",2015,17.1171171171171,38.2529020333519
"ID","IDN","Indonesia",2016,17.1171171171171,38.5308483260481
"ID","IDN","Indonesia",2017,19.8214285714286,39.0512358636245
"ID","IDN","Indonesia",2018,19.8214285714286,39.3725217863818
"ID","IDN","Indonesia",2019,17.3913043478261,39.6300121261991
"ID","IDN","Indonesia",2020,20.3478260869565,39.5685275215597
"ID","IDN","Indonesia",2021,21.0434782608696,39.6300377739763
"ID","IDN","Indonesia",2022,21.9130434782609,39.3159431716515
"ID","IDN","Indonesia",2023,21.5652173913044,39.4848201375615
"IM","IMN","Isle of Man",2000,NA,NA
"IM","IMN","Isle of Man",2001,NA,NA
"IM","IMN","Isle of Man",2002,NA,NA
"IM","IMN","Isle of Man",2003,NA,NA
"IM","IMN","Isle of Man",2004,NA,NA
"IM","IMN","Isle of Man",2005,NA,NA
"IM","IMN","Isle of Man",2006,NA,NA
"IM","IMN","Isle of Man",2007,NA,NA
"IM","IMN","Isle of Man",2008,NA,NA
"IM","IMN","Isle of Man",2009,NA,NA
"IM","IMN","Isle of Man",2010,NA,NA
"IM","IMN","Isle of Man",2011,NA,NA
"IM","IMN","Isle of Man",2012,NA,NA
"IM","IMN","Isle of Man",2013,NA,NA
"IM","IMN","Isle of Man",2014,NA,NA
"IM","IMN","Isle of Man",2015,NA,NA
"IM","IMN","Isle of Man",2016,NA,NA
"IM","IMN","Isle of Man",2017,NA,NA
"IM","IMN","Isle of Man",2018,NA,NA
"IM","IMN","Isle of Man",2019,NA,NA
"IM","IMN","Isle of Man",2020,NA,NA
"IM","IMN","Isle of Man",2021,NA,NA
"IM","IMN","Isle of Man",2022,NA,NA
"IM","IMN","Isle of Man",2023,NA,NA
"IN","IND","India",2000,9.00735294117647,27.7890375024769
"IN","IND","India",2001,8.83977900552486,27.9324322202899
"IN","IND","India",2002,8.83977900552486,28.0788988641758
"IN","IND","India",2003,8.83977900552486,28.2298793462636
"IN","IND","India",2004,8.25688073394496,28.3870015308713
"IN","IND","India",2005,8.28729281767956,28.5484124988957
"IN","IND","India",2006,8.25688073394496,27.8892574062721
"IN","IND","India",2007,9.05730129390018,27.2272889223942
"IN","IND","India",2008,9.05730129390018,26.5613848236897
"IN","IND","India",2009,10.8256880733945,25.8934878397925
"IN","IND","India",2010,10.8256880733945,25.2233059518446
"IN","IND","India",2011,11.0091743119266,24.7641376803459
"IN","IND","India",2012,11.0091743119266,24.3085528948494
"IN","IND","India",2013,11.0091743119266,24.287985206335
"IN","IND","India",2014,11.4180478821363,24.3029750032092
"IN","IND","India",2015,11.9705340699816,24.3590784230794
"IN","IND","India",2016,11.9705340699816,24.4337880971946
"IN","IND","India",2017,11.8081180811808,24.5196387309549
"IN","IND","India",2018,11.8081180811808,24.5975525560696
"IN","IND","India",2019,14.3911439114391,24.6620426287145
"IN","IND","India",2020,14.3646408839779,24.5059963511351
"IN","IND","India",2021,14.4444444444444,25.6511321916829
"IN","IND","India",2022,14.9446494464945,26.6147411953148
"IN","IND","India",2023,15.2416356877323,27.5277753691858
"IE","IRL","Ireland",2000,12.0481927710843,40.9542409345075
"IE","IRL","Ireland",2001,12.0481927710843,41.2488255239185
"IE","IRL","Ireland",2002,13.2530120481928,41.819581393277
"IE","IRL","Ireland",2003,13.2530120481928,41.9673377124585
"IE","IRL","Ireland",2004,13.2530120481928,41.9300435721447
"IE","IRL","Ireland",2005,13.2530120481928,42.2408188371649
"IE","IRL","Ireland",2006,13.2530120481928,42.4192896340365
"IE","IRL","Ireland",2007,13.2530120481928,43.0136162830228
"IE","IRL","Ireland",2008,13.2530120481928,43.4675619107391
"IE","IRL","Ireland",2009,13.9393939393939,44.306728234481
"IE","IRL","Ireland",2010,13.9393939393939,44.7824955872273
"IE","IRL","Ireland",2011,15.0602409638554,45.0894386213451
"IE","IRL","Ireland",2012,15.0602409638554,45.2128262265362
"IE","IRL","Ireland",2013,15.6626506024096,45.4187550791705
"IE","IRL","Ireland",2014,15.6626506024096,45.3251827287253
"IE","IRL","Ireland",2015,16.2650602409639,45.2196013866107
"IE","IRL","Ireland",2016,22.1518987341772,45.5422539981121
"IE","IRL","Ireland",2017,22.1518987341772,45.7149905825131
"IE","IRL","Ireland",2018,22.1518987341772,45.8719617715699
"IE","IRL","Ireland",2019,22.1518987341772,45.9126772525191
"IE","IRL","Ireland",2020,22.5,45.8732789491635
"IE","IRL","Ireland",2021,22.5,46.3322218621417
"IE","IRL","Ireland",2022,23.125,46.6753271711934
"IE","IRL","Ireland",2023,23.125,46.2484008731005
"IR","IRN","Iran, Islamic Rep.",2000,3.44827586206897,15.2583361965589
"IR","IRN","Iran, Islamic Rep.",2001,3.44827586206897,16.2015652040219
"IR","IRN","Iran, Islamic Rep.",2002,4.13793103448276,17.1526808854616
"IR","IRN","Iran, Islamic Rep.",2003,4.13793103448276,18.0750094602611
"IR","IRN","Iran, Islamic Rep.",2004,4.13793103448276,18.9695957768885
"IR","IRN","Iran, Islamic Rep.",2005,4.13793103448276,19.8652789345827
"IR","IRN","Iran, Islamic Rep.",2006,4.13793103448276,19.4782658567813
"IR","IRN","Iran, Islamic Rep.",2007,4.13793103448276,18.7020151056136
"IR","IRN","Iran, Islamic Rep.",2008,2.7972027972028,17.089744951495
"IR","IRN","Iran, Islamic Rep.",2009,2.75862068965517,17.8676748702652
"IR","IRN","Iran, Islamic Rep.",2010,2.75862068965517,17.5620370341192
"IR","IRN","Iran, Islamic Rep.",2011,2.75862068965517,16.4419887221238
"IR","IRN","Iran, Islamic Rep.",2012,3.10344827586207,17.5226126891494
"IR","IRN","Iran, Islamic Rep.",2013,3.10344827586207,15.9420742685652
"IR","IRN","Iran, Islamic Rep.",2014,3.10344827586207,15.6258393129144
"IR","IRN","Iran, Islamic Rep.",2015,3.10344827586207,16.840402677669
"IR","IRN","Iran, Islamic Rep.",2016,5.88235294117647,18.4319187948572
"IR","IRN","Iran, Islamic Rep.",2017,5.88235294117647,19.3094937723983
"IR","IRN","Iran, Islamic Rep.",2018,5.88235294117647,19.2301556757097
"IR","IRN","Iran, Islamic Rep.",2019,5.88235294117647,18.8039573063569
"IR","IRN","Iran, Islamic Rep.",2020,5.59440559440559,16.34558879788
"IR","IRN","Iran, Islamic Rep.",2021,5.59440559440559,15.7144696717325
"IR","IRN","Iran, Islamic Rep.",2022,5.59440559440559,16.3740784476282
"IR","IRN","Iran, Islamic Rep.",2023,5.59440559440559,16.7869968566676
"IQ","IRQ","Iraq",2000,7.6,11.9566063908578
"IQ","IRQ","Iraq",2001,7.6,12.3506081279338
"IQ","IRQ","Iraq",2002,7.6,12.757405172638
"IQ","IRQ","Iraq",2003,NA,13.1861313309181
"IQ","IRQ","Iraq",2004,NA,13.6398818183072
"IQ","IRQ","Iraq",2005,NA,14.1110847690568
"IQ","IRQ","Iraq",2006,25.4545454545455,14.6045373892068
"IQ","IRQ","Iraq",2007,25.4545454545455,15.1203832957265
"IQ","IRQ","Iraq",2008,25.4545454545455,15.076510250116
"IQ","IRQ","Iraq",2009,25.4545454545455,15.0092992803524
"IQ","IRQ","Iraq",2010,25.2307692307692,14.9362701238872
"IQ","IRQ","Iraq",2011,25.2307692307692,14.8652911968968
"IQ","IRQ","Iraq",2012,25.2307692307692,14.7957677162333
"IQ","IRQ","Iraq",2013,25.2307692307692,15.5220306316645
"IQ","IRQ","Iraq",2014,25.3048780487805,16.2720680181851
"IQ","IRQ","Iraq",2015,26.5243902439024,16.7494313333385
"IQ","IRQ","Iraq",2016,26.5243902439024,17.2500171659918
"IQ","IRQ","Iraq",2017,25.3048780487805,13.7396680797466
"IQ","IRQ","Iraq",2018,25.2279635258359,14.0786133219101
"IQ","IRQ","Iraq",2019,25.2279635258359,14.4819799521286
"IQ","IRQ","Iraq",2020,26.4437689969605,13.6707534938585
"IQ","IRQ","Iraq",2021,28.8753799392097,13.9019266259063
"IQ","IRQ","Iraq",2022,28.8753799392097,13.621031012125
"IQ","IRQ","Iraq",2023,29.0519877675841,13.2302377986631
"IS","ISL","Iceland",2000,34.9206349206349,47.4268908363498
"IS","ISL","Iceland",2001,34.9206349206349,46.8983096639297
"IS","ISL","Iceland",2002,34.9206349206349,47.0252187945393
"IS","ISL","Iceland",2003,30.1587301587302,46.9088107870167
"IS","ISL","Iceland",2004,30.1587301587302,46.3364800805691
"IS","ISL","Iceland",2005,33.3333333333333,46.7670469469092
"IS","ISL","Iceland",2006,33.3333333333333,46.1212329551965
"IS","ISL","Iceland",2007,33.3333333333333,45.3471328848303
"IS","ISL","Iceland",2008,33.3333333333333,45.4550666027392
"IS","ISL","Iceland",2009,42.8571428571429,46.5290339007325
"IS","ISL","Iceland",2010,42.8571428571429,47.0990070015707
"IS","ISL","Iceland",2011,39.6825396825397,47.2270109574565
"IS","ISL","Iceland",2012,39.6825396825397,47.6016283834218
"IS","ISL","Iceland",2013,39.6825396825397,47.5054398911502
"IS","ISL","Iceland",2014,39.6825396825397,47.3584991483921
"IS","ISL","Iceland",2015,41.2698412698413,47.4283484326065
"IS","ISL","Iceland",2016,47.6190476190476,46.8962401099799
"IS","ISL","Iceland",2017,38.0952380952381,46.5657012654414
"IS","ISL","Iceland",2018,38.0952380952381,46.1236229997137
"IS","ISL","Iceland",2019,38.0952380952381,46.0149574579547
"IS","ISL","Iceland",2020,38.0952380952381,45.9193594770645
"IS","ISL","Iceland",2021,47.6190476190476,45.9563416102738
"IS","ISL","Iceland",2022,47.6190476190476,46.2567132809909
"IS","ISL","Iceland",2023,47.6190476190476,45.9803153772886
"IL","ISR","Israel",2000,12.5,44.7821524378055
"IL","ISR","Israel",2001,13.3333333333333,45.0091936370169
"IL","ISR","Israel",2002,14.1666666666667,45.2023996900924
"IL","ISR","Israel",2003,15,45.6975573525579
"IL","ISR","Israel",2004,15,45.7274392915466
"IL","ISR","Israel",2005,15,45.9052213816358
"IL","ISR","Israel",2006,14.1666666666667,45.8877271202015
"IL","ISR","Israel",2007,14.1666666666667,45.8875174688803
"IL","ISR","Israel",2008,14.1666666666667,45.8679534088124
"IL","ISR","Israel",2009,18.3333333333333,46.5592382606472
"IL","ISR","Israel",2010,19.1666666666667,46.5281662304641
"IL","ISR","Israel",2011,20,46.3972783822504
"IL","ISR","Israel",2012,20,46.5253446432644
"IL","ISR","Israel",2013,22.5,46.4936708860759
"IL","ISR","Israel",2014,22.5,46.8652261606505
"IL","ISR","Israel",2015,26.6666666666667,46.8726239768751
"IL","ISR","Israel",2016,26.6666666666667,47.0220953098467
"IL","ISR","Israel",2017,27.5,46.9943383963992
"IL","ISR","Israel",2018,27.5,47.4472869695747
"IL","ISR","Israel",2019,23.3333333333333,47.5361179207823
"IL","ISR","Israel",2020,27.5,47.711309726238
"IL","ISR","Israel",2021,28.3333333333333,47.9767338247108
"IL","ISR","Israel",2022,23.3333333333333,47.9982592488041
"IL","ISR","Israel",2023,24.1666666666667,47.9097760118536
"IT","ITA","Italy",2000,11.1111111111111,38.5260728007126
"IT","ITA","Italy",2001,9.84126984126984,38.984565633563
"IT","ITA","Italy",2002,9.84126984126984,39.1873201987833
"IT","ITA","Italy",2003,11.4886731391586,39.378072022518
"IT","ITA","Italy",2004,11.525974025974,40.0611185008017
"IT","ITA","Italy",2005,11.525974025974,40.1201909334168
"IT","ITA","Italy",2006,17.3015873015873,40.2912031518167
"IT","ITA","Italy",2007,17.3015873015873,40.3232425354728
"IT","ITA","Italy",2008,21.2698412698413,40.8198999729839
"IT","ITA","Italy",2009,21.2698412698413,40.8933913247446
"IT","ITA","Italy",2010,21.2698412698413,41.0822400229497
"IT","ITA","Italy",2011,21.5873015873016,41.3926594037901
"IT","ITA","Italy",2012,21.4285714285714,41.9743394164792
"IT","ITA","Italy",2013,31.4285714285714,42.1674136471022
"IT","ITA","Italy",2014,31.4285714285714,42.3886484367669
"IT","ITA","Italy",2015,30.952380952381,42.0693157991689
"IT","ITA","Italy",2016,30.952380952381,42.2581173938512
"IT","ITA","Italy",2017,30.952380952381,42.4263415116945
"IT","ITA","Italy",2018,35.7142857142857,42.4624723335675
"IT","ITA","Italy",2019,35.7142857142857,42.5906139005881
"IT","ITA","Italy",2020,35.7142857142857,42.2739593933335
"IT","ITA","Italy",2021,35.7142857142857,42.4567789364276
"IT","ITA","Italy",2022,32.25,42.5871899007398
"IT","ITA","Italy",2023,32.25,42.7294517851408
"JM","JAM","Jamaica",2000,13.3333333333333,44.5680586547657
"JM","JAM","Jamaica",2001,13.3333333333333,44.2694663916508
"JM","JAM","Jamaica",2002,NA,44.1677340227831
"JM","JAM","Jamaica",2003,11.6666666666667,44.0718418596187
"JM","JAM","Jamaica",2004,11.6666666666667,44.0982574496874
"JM","JAM","Jamaica",2005,11.6666666666667,44.0710064234192
"JM","JAM","Jamaica",2006,11.6666666666667,44.0486539814019
"JM","JAM","Jamaica",2007,13.3333333333333,44.0330265417165
"JM","JAM","Jamaica",2008,13.3333333333333,44.0232030321094
"JM","JAM","Jamaica",2009,13.3333333333333,43.9949330367306
"JM","JAM","Jamaica",2010,13.3333333333333,44.0272818362876
"JM","JAM","Jamaica",2011,12.6984126984127,44.0305305325496
"JM","JAM","Jamaica",2012,12.6984126984127,44.3954293904527
"JM","JAM","Jamaica",2013,12.6984126984127,44.3348602447943
"JM","JAM","Jamaica",2014,12.6984126984127,44.2536898659915
"JM","JAM","Jamaica",2015,12.6984126984127,45.3997910305296
"JM","JAM","Jamaica",2016,17.4603174603175,45.1153671288929
"JM","JAM","Jamaica",2017,17.4603174603175,45.3324289540506
"JM","JAM","Jamaica",2018,17.4603174603175,45.2387159590925
"JM","JAM","Jamaica",2019,17.4603174603175,45.4028118199711
"JM","JAM","Jamaica",2020,28.5714285714286,45.1383439336652
"JM","JAM","Jamaica",2021,28.5714285714286,45.190458746127
"JM","JAM","Jamaica",2022,28.5714285714286,45.7039425599806
"JM","JAM","Jamaica",2023,28.5714285714286,46.1663926323529
"JO","JOR","Jordan",2000,0,14.0750008644999
"JO","JOR","Jordan",2001,1.25,13.6757174704053
"JO","JOR","Jordan",2002,1.25,14.6078778650302
"JO","JOR","Jordan",2003,5.45454545454545,13.7276636099636
"JO","JOR","Jordan",2004,5.45454545454545,13.9251857357309
"JO","JOR","Jordan",2005,5.45454545454545,14.1140636384351
"JO","JOR","Jordan",2006,5.45454545454545,14.6099390797976
"JO","JOR","Jordan",2007,6.36363636363636,17.1968445919144
"JO","JOR","Jordan",2008,6.36363636363636,16.8371771215062
"JO","JOR","Jordan",2009,6.36363636363636,17.3852590605208
"JO","JOR","Jordan",2010,10.8333333333333,17.5247136726493
"JO","JOR","Jordan",2011,10.8333333333333,17.7260984659218
"JO","JOR","Jordan",2012,10.8333333333333,17.5104814720052
"JO","JOR","Jordan",2013,12.1621621621622,16.6881907067929
"JO","JOR","Jordan",2014,12,16.0205966199064
"JO","JOR","Jordan",2015,12,17.1056084948719
"JO","JOR","Jordan",2016,15.3846153846154,18.3444144066877
"JO","JOR","Jordan",2017,15.3846153846154,19.6317091539662
"JO","JOR","Jordan",2018,15.3846153846154,17.8077044109068
"JO","JOR","Jordan",2019,15.3846153846154,16.6383623409425
"JO","JOR","Jordan",2020,11.5384615384615,17.9188871529815
"JO","JOR","Jordan",2021,11.5384615384615,17.2954700990592
"JO","JOR","Jordan",2022,12.3076923076923,17.3288642071821
"JO","JOR","Jordan",2023,12.3076923076923,19.0928507977702
"JP","JPN","Japan",2000,7.29166666666667,40.3061984226793
"JP","JPN","Japan",2001,7.29166666666667,40.5009551427709
"JP","JPN","Japan",2002,7.29166666666667,40.5268359208666
"JP","JPN","Japan",2003,7.08333333333333,40.6086762802785
"JP","JPN","Japan",2004,7.08333333333333,40.8702503367928
"JP","JPN","Japan",2005,8.95833333333333,41.0015365262312
"JP","JPN","Japan",2006,9.375,41.1242402109227
"JP","JPN","Japan",2007,9.375,41.1552381105652
"JP","JPN","Japan",2008,9.375,41.319241161199
"JP","JPN","Japan",2009,11.25,41.6105507496109
"JP","JPN","Japan",2010,11.25,41.7478334369055
"JP","JPN","Japan",2011,10.8333333333333,41.7776599167599
"JP","JPN","Japan",2012,7.91666666666667,41.8975673625217
"JP","JPN","Japan",2013,8.125,42.3561062248985
"JP","JPN","Japan",2014,8.125,42.5981258911193
"JP","JPN","Japan",2015,9.47368421052632,42.7608946289097
"JP","JPN","Japan",2016,9.47368421052632,43.0975667735446
"JP","JPN","Japan",2017,10.1075268817204,43.4739153660068
"JP","JPN","Japan",2018,10.1075268817204,43.8867336340833
"JP","JPN","Japan",2019,10.1075268817204,44.2136193940921
"JP","JPN","Japan",2020,9.89247311827957,44.1368438322446
"JP","JPN","Japan",2021,9.67741935483871,44.377299127982
"JP","JPN","Japan",2022,9.91379310344828,44.6544779839094
"JP","JPN","Japan",2023,10.3448275862069,44.9326623132591
"KZ","KAZ","Kazakhstan",2000,10.3896103896104,49.818606286188
"KZ","KAZ","Kazakhstan",2001,10.3896103896104,49.7641507962912
"KZ","KAZ","Kazakhstan",2002,10.3896103896104,49.7448867482825
"KZ","KAZ","Kazakhstan",2003,10.3896103896104,49.8480891723626
"KZ","KAZ","Kazakhstan",2004,10.3896103896104,49.7093514795588
"KZ","KAZ","Kazakhstan",2005,10.3896103896104,49.7946387791838
"KZ","KAZ","Kazakhstan",2006,10.3896103896104,49.8875576451161
"KZ","KAZ","Kazakhstan",2007,15.8878504672897,49.9702666764734
"KZ","KAZ","Kazakhstan",2008,15.8878504672897,50.0176073527302
"KZ","KAZ","Kazakhstan",2009,17.7570093457944,49.8542591676442
"KZ","KAZ","Kazakhstan",2010,17.7570093457944,49.8449884498778
"KZ","KAZ","Kazakhstan",2011,17.7570093457944,49.855088639992
"KZ","KAZ","Kazakhstan",2012,24.2990654205607,49.8230827415895
"KZ","KAZ","Kazakhstan",2013,24.2990654205607,49.7941233329015
"KZ","KAZ","Kazakhstan",2014,25.2173913043478,49.7240198204394
"KZ","KAZ","Kazakhstan",2015,26.1682242990654,49.5963618998634
"KZ","KAZ","Kazakhstan",2016,27.1028037383178,49.45826853236
"KZ","KAZ","Kazakhstan",2017,27.1028037383178,49.3654000731703
"KZ","KAZ","Kazakhstan",2018,27.1028037383178,49.1380522425601
"KZ","KAZ","Kazakhstan",2019,27.1028037383178,48.7639984772218
"KZ","KAZ","Kazakhstan",2020,27.1028037383178,48.284473390516
"KZ","KAZ","Kazakhstan",2021,27.1028037383178,48.3728511323074
"KZ","KAZ","Kazakhstan",2022,27.3584905660377,48.2781647593319
"KZ","KAZ","Kazakhstan",2023,18.3673469387755,48.3230680353554
"KE","KEN","Kenya",2000,3.57142857142857,49.2067376388485
"KE","KEN","Kenya",2001,3.57142857142857,49.1199371578348
"KE","KEN","Kenya",2002,3.57142857142857,49.0401145249203
"KE","KEN","Kenya",2003,7.14285714285714,48.9653834775926
"KE","KEN","Kenya",2004,7.14285714285714,48.8934141512074
"KE","KEN","Kenya",2005,7.14285714285714,48.8281566593522
"KE","KEN","Kenya",2006,7.30593607305936,48.7698295796163
"KE","KEN","Kenya",2007,7.2463768115942,48.7196284886238
"KE","KEN","Kenya",2008,9.82142857142857,48.6771743103806
"KE","KEN","Kenya",2009,9.82142857142857,48.6375320014725
"KE","KEN","Kenya",2010,9.82142857142857,48.6024662170293
"KE","KEN","Kenya",2011,9.82142857142857,48.5726137351564
"KE","KEN","Kenya",2012,9.82142857142857,48.5491493186421
"KE","KEN","Kenya",2013,18.5714285714286,48.527574038497
"KE","KEN","Kenya",2014,19.1428571428571,48.5094120923938
"KE","KEN","Kenya",2015,19.7142857142857,48.4947261656988
"KE","KEN","Kenya",2016,19.7142857142857,48.4799332202258
"KE","KEN","Kenya",2017,21.7765042979943,47.9977023517011
"KE","KEN","Kenya",2018,21.7765042979943,47.4569211260433
"KE","KEN","Kenya",2019,21.7765042979943,46.8506281211453
"KE","KEN","Kenya",2020,21.7765042979943,46.8856287534113
"KE","KEN","Kenya",2021,21.6138328530259,47.019158752771
"KE","KEN","Kenya",2022,23.4285714285714,47.1287377028103
"KE","KEN","Kenya",2023,23.2758620689655,47.25095611573
"KG","KGZ","Kyrgyz Republic",2000,2.32558139534884,46.0468324351569
"KG","KGZ","Kyrgyz Republic",2001,10,45.6695155765628
"KG","KGZ","Kyrgyz Republic",2002,10,45.6055992049611
"KG","KGZ","Kyrgyz Republic",2003,10,45.123624753975
"KG","KGZ","Kyrgyz Republic",2004,10,44.6517316012441
"KG","KGZ","Kyrgyz Republic",2005,0,44.5850113024741
"KG","KGZ","Kyrgyz Republic",2006,0,44.2182103091923
"KG","KGZ","Kyrgyz Republic",2007,25.5555555555556,43.438845094319
"KG","KGZ","Kyrgyz Republic",2008,25.5555555555556,42.6580949299086
"KG","KGZ","Kyrgyz Republic",2009,25.5555555555556,42.3469992069296
"KG","KGZ","Kyrgyz Republic",2010,23.3333333333333,42.3811392776209
"KG","KGZ","Kyrgyz Republic",2011,23.3333333333333,42.2118658671007
"KG","KGZ","Kyrgyz Republic",2012,23.3333333333333,41.6006371406113
"KG","KGZ","Kyrgyz Republic",2013,23.3333333333333,40.0009108692915
"KG","KGZ","Kyrgyz Republic",2014,23.3333333333333,41.003354815005
"KG","KGZ","Kyrgyz Republic",2015,19.1666666666667,40.6277268104594
"KG","KGZ","Kyrgyz Republic",2016,19.1666666666667,39.7531401819734
"KG","KGZ","Kyrgyz Republic",2017,19.1666666666667,38.1374704606413
"KG","KGZ","Kyrgyz Republic",2018,19.1666666666667,38.5639115794627
"KG","KGZ","Kyrgyz Republic",2019,19.1666666666667,38.3812757435386
"KG","KGZ","Kyrgyz Republic",2020,16.5217391304348,39.3469743917133
"KG","KGZ","Kyrgyz Republic",2021,20.4545454545455,38.3639002516668
"KG","KGZ","Kyrgyz Republic",2022,20.4545454545455,39.3633718137713
"KG","KGZ","Kyrgyz Republic",2023,20,39.3444828099474
"KH","KHM","Cambodia",2000,7.37704918032787,52.2008957022615
"KH","KHM","Cambodia",2001,7.37704918032787,51.5008436121007
"KH","KHM","Cambodia",2002,7.37704918032787,50.8154811512759
"KH","KHM","Cambodia",2003,9.75609756097561,50.15382215559
"KH","KHM","Cambodia",2004,9.75609756097561,49.7254635421985
"KH","KHM","Cambodia",2005,9.75609756097561,49.3167447899227
"KH","KHM","Cambodia",2006,9.75609756097561,48.9352358571283
"KH","KHM","Cambodia",2007,19.5121951219512,48.5642551385291
"KH","KHM","Cambodia",2008,16.260162601626,48.0253120725535
"KH","KHM","Cambodia",2009,21.1382113821138,49.5831710419141
"KH","KHM","Cambodia",2010,21.1382113821138,50.3182711763833
"KH","KHM","Cambodia",2011,20.3252032520325,50.1843089687886
"KH","KHM","Cambodia",2012,20.3252032520325,49.4027904343851
"KH","KHM","Cambodia",2013,20.3252032520325,48.4777127527595
"KH","KHM","Cambodia",2014,20.3252032520325,48.383608862486
"KH","KHM","Cambodia",2015,20.3252032520325,48.1314308623749
"KH","KHM","Cambodia",2016,20.3252032520325,48.4438137109221
"KH","KHM","Cambodia",2017,20.3252032520325,48.9475803220985
"KH","KHM","Cambodia",2018,20,48.9245309188322
"KH","KHM","Cambodia",2019,20,48.8839226137181
"KH","KHM","Cambodia",2020,20,48.8201683558475
"KH","KHM","Cambodia",2021,21.6,48.2283721430601
"KH","KHM","Cambodia",2022,20.8,48.7095497642264
"KH","KHM","Cambodia",2023,13.6,48.6872561114308
"KI","KIR","Kiribati",2000,4.8780487804878,NA
"KI","KIR","Kiribati",2001,4.76190476190476,NA
"KI","KIR","Kiribati",2002,4.76190476190476,NA
"KI","KIR","Kiribati",2003,NA,NA
"KI","KIR","Kiribati",2004,4.76190476190476,NA
"KI","KIR","Kiribati",2005,4.76190476190476,NA
"KI","KIR","Kiribati",2006,7.14285714285714,NA
"KI","KIR","Kiribati",2007,4.34782608695652,NA
"KI","KIR","Kiribati",2008,4.34782608695652,NA
"KI","KIR","Kiribati",2009,4.34782608695652,NA
"KI","KIR","Kiribati",2010,4.34782608695652,NA
"KI","KIR","Kiribati",2011,8.69565217391304,NA
"KI","KIR","Kiribati",2012,8.69565217391304,NA
"KI","KIR","Kiribati",2013,8.69565217391304,NA
"KI","KIR","Kiribati",2014,8.69565217391304,NA
"KI","KIR","Kiribati",2015,8.69565217391304,NA
"KI","KIR","Kiribati",2016,6.52173913043478,NA
"KI","KIR","Kiribati",2017,6.52173913043478,NA
"KI","KIR","Kiribati",2018,6.52173913043478,NA
"KI","KIR","Kiribati",2019,6.52173913043478,NA
"KI","KIR","Kiribati",2020,8.88888888888889,NA
"KI","KIR","Kiribati",2021,6.66666666666667,NA
"KI","KIR","Kiribati",2022,6.66666666666667,NA
"KI","KIR","Kiribati",2023,6.66666666666667,NA
"KN","KNA","St. Kitts and Nevis",2000,13.3333333333333,NA
"KN","KNA","St. Kitts and Nevis",2001,13.3333333333333,NA
"KN","KNA","St. Kitts and Nevis",2002,13.3333333333333,NA
"KN","KNA","St. Kitts and Nevis",2003,13.3333333333333,NA
"KN","KNA","St. Kitts and Nevis",2004,0,NA
"KN","KNA","St. Kitts and Nevis",2005,0,NA
"KN","KNA","St. Kitts and Nevis",2006,0,NA
"KN","KNA","St. Kitts and Nevis",2007,6.66666666666667,NA
"KN","KNA","St. Kitts and Nevis",2008,6.66666666666667,NA
"KN","KNA","St. Kitts and Nevis",2009,6.66666666666667,NA
"KN","KNA","St. Kitts and Nevis",2010,6.66666666666667,NA
"KN","KNA","St. Kitts and Nevis",2011,6.66666666666667,NA
"KN","KNA","St. Kitts and Nevis",2012,6.66666666666667,NA
"KN","KNA","St. Kitts and Nevis",2013,6.66666666666667,NA
"KN","KNA","St. Kitts and Nevis",2014,6.66666666666667,NA
"KN","KNA","St. Kitts and Nevis",2015,13.3333333333333,NA
"KN","KNA","St. Kitts and Nevis",2016,13.3333333333333,NA
"KN","KNA","St. Kitts and Nevis",2017,13.3333333333333,NA
"KN","KNA","St. Kitts and Nevis",2018,13.3333333333333,NA
"KN","KNA","St. Kitts and Nevis",2019,13.3333333333333,NA
"KN","KNA","St. Kitts and Nevis",2020,25,NA
"KN","KNA","St. Kitts and Nevis",2021,25,NA
"KN","KNA","St. Kitts and Nevis",2022,31.25,NA
"KN","KNA","St. Kitts and Nevis",2023,31.25,NA
"KR","KOR","Korea, Rep.",2000,5.86080586080586,40.238804083937
"KR","KOR","Korea, Rep.",2001,5.86080586080586,40.5393527712688
"KR","KOR","Korea, Rep.",2002,5.86080586080586,40.5267727273506
"KR","KOR","Korea, Rep.",2003,5.86080586080586,40.1581850275622
"KR","KOR","Korea, Rep.",2004,13.0434782608696,40.6443336064094
"KR","KOR","Korea, Rep.",2005,13.3779264214047,40.8496117400494
"KR","KOR","Korea, Rep.",2006,13.3779264214047,41.0589557021877
"KR","KOR","Korea, Rep.",2007,14.38127090301,41.0042479625407
"KR","KOR","Korea, Rep.",2008,13.7123745819398,41.0947362363561
"KR","KOR","Korea, Rep.",2009,14.7157190635452,40.8467778408778
"KR","KOR","Korea, Rep.",2010,14.7157190635452,40.9293897399564
"KR","KOR","Korea, Rep.",2011,14.7157190635452,40.9543830370949
"KR","KOR","Korea, Rep.",2012,15.6666666666667,41.0814980870756
"KR","KOR","Korea, Rep.",2013,15.6666666666667,41.2697298380884
"KR","KOR","Korea, Rep.",2014,16.3333333333333,41.6052858324449
"KR","KOR","Korea, Rep.",2015,16.3333333333333,41.9267780338606
"KR","KOR","Korea, Rep.",2016,17,42.0834854613584
"KR","KOR","Korea, Rep.",2017,17,42.3140674529312
"KR","KOR","Korea, Rep.",2018,17,42.557850856393
"KR","KOR","Korea, Rep.",2019,16.6666666666667,42.8558039085415
"KR","KOR","Korea, Rep.",2020,19,42.876669639191
"KR","KOR","Korea, Rep.",2021,19,43.1330825839844
"KR","KOR","Korea, Rep.",2022,18.6440677966102,43.3764310357427
"KR","KOR","Korea, Rep.",2023,19.0635451505017,43.8227480936206
"KW","KWT","Kuwait",2000,0,25.8236615088486
"KW","KWT","Kuwait",2001,0,25.9299020757254
"KW","KWT","Kuwait",2002,0,26.0107818065806
"KW","KWT","Kuwait",2003,0,26.0680340266102
"KW","KWT","Kuwait",2004,0,25.8885194429823
"KW","KWT","Kuwait",2005,1.53846153846154,26.0009170569098
"KW","KWT","Kuwait",2006,1.53846153846154,26.4798517146725
"KW","KWT","Kuwait",2007,1.53846153846154,27.0299738062904
"KW","KWT","Kuwait",2008,3.07692307692308,27.5521343535806
"KW","KWT","Kuwait",2009,7.69230769230769,28.057007327325
"KW","KWT","Kuwait",2010,7.69230769230769,28.5540332509349
"KW","KWT","Kuwait",2011,7.69230769230769,28.6642399668249
"KW","KWT","Kuwait",2012,6.15384615384615,28.450009322917
"KW","KWT","Kuwait",2013,6.15384615384615,28.2398320814755
"KW","KWT","Kuwait",2014,1.53846153846154,27.8229297380376
"KW","KWT","Kuwait",2015,1.53846153846154,27.1805619923128
"KW","KWT","Kuwait",2016,2,26.3329783924244
"KW","KWT","Kuwait",2017,3.07692307692308,25.4999676693345
"KW","KWT","Kuwait",2018,3.07692307692308,24.6761586306842
"KW","KWT","Kuwait",2019,4.61538461538462,24.5339915679831
"KW","KWT","Kuwait",2020,6.34920634920635,25.0500395931299
"KW","KWT","Kuwait",2021,1.53846153846154,25.0651179033478
"KW","KWT","Kuwait",2022,6.25,24.4126598349506
"KW","KWT","Kuwait",2023,3.07692307692308,23.8086438637519
"LA","LAO","Lao PDR",2000,21.2121212121212,47.4165434249286
"LA","LAO","Lao PDR",2001,21.2121212121212,47.3330047504046
"LA","LAO","Lao PDR",2002,22.9357798165138,47.2520405166761
"LA","LAO","Lao PDR",2003,22.9357798165138,47.1800255106935
"LA","LAO","Lao PDR",2004,22.9357798165138,47.1141019080131
"LA","LAO","Lao PDR",2005,22.9357798165138,47.0500615701879
"LA","LAO","Lao PDR",2006,25.2173913043478,46.9789560658519
"LA","LAO","Lao PDR",2007,25.2173913043478,46.926635061345
"LA","LAO","Lao PDR",2008,25.2173913043478,46.8822914429423
"LA","LAO","Lao PDR",2009,25.2173913043478,46.8467600773863
"LA","LAO","Lao PDR",2010,25.2173913043478,46.8144684587192
"LA","LAO","Lao PDR",2011,25,46.7962350786393
"LA","LAO","Lao PDR",2012,25,46.7858715909149
"LA","LAO","Lao PDR",2013,25,46.7782230184773
"LA","LAO","Lao PDR",2014,25,46.7722914864783
"LA","LAO","Lao PDR",2015,25,46.779996088715
"LA","LAO","Lao PDR",2016,27.5167785234899,46.8048302672368
"LA","LAO","Lao PDR",2017,27.5167785234899,46.8375513445308
"LA","LAO","Lao PDR",2018,27.5167785234899,46.7780854833126
"LA","LAO","Lao PDR",2019,27.5167785234899,46.7219289422575
"LA","LAO","Lao PDR",2020,27.5167785234899,46.6568702507418
"LA","LAO","Lao PDR",2021,21.9512195121951,46.7147540230816
"LA","LAO","Lao PDR",2022,21.9512195121951,46.5406901762303
"LA","LAO","Lao PDR",2023,21.9512195121951,46.5880119562144
"LB","LBN","Lebanon",2000,2.34375,22.7422664904533
"LB","LBN","Lebanon",2001,2.34375,22.8872529736817
"LB","LBN","Lebanon",2002,2.34375,23.0310288785365
"LB","LBN","Lebanon",2003,2.34375,23.1755606649042
"LB","LBN","Lebanon",2004,2.34375,23.4265199693664
"LB","LBN","Lebanon",2005,4.6875,23.7838384102263
"LB","LBN","Lebanon",2006,4.6875,24.1567678051592
"LB","LBN","Lebanon",2007,4.6875,24.5382120328149
"LB","LBN","Lebanon",2008,4.6875,24.9637139604256
"LB","LBN","Lebanon",2009,3.125,25.3909201345165
"LB","LBN","Lebanon",2010,3.125,25.8217930051099
"LB","LBN","Lebanon",2011,3.125,26.253719724454
"LB","LBN","Lebanon",2012,3.125,26.68741851185
"LB","LBN","Lebanon",2013,3.125,27.1235558021729
"LB","LBN","Lebanon",2014,3.125,27.5620485575877
"LB","LBN","Lebanon",2015,3.125,28.1506969639444
"LB","LBN","Lebanon",2016,3.125,28.9081414583015
"LB","LBN","Lebanon",2017,3.125,29.6895561905565
"LB","LBN","Lebanon",2018,4.6875,30.4981318568938
"LB","LBN","Lebanon",2019,4.6875,31.3373404964189
"LB","LBN","Lebanon",2020,4.6875,28.7185482046708
"LB","LBN","Lebanon",2021,4.6875,27.5359673193701
"LB","LBN","Lebanon",2022,6.25,26.988724469757
"LB","LBN","Lebanon",2023,6.25,26.8136182886354
"LR","LBR","Liberia",2000,7.8125,47.4328333832376
"LR","LBR","Liberia",2001,7.8125,47.4520721577149
"LR","LBR","Liberia",2002,7.8125,47.4623672818125
"LR","LBR","Liberia",2003,7.8125,47.4816621284973
"LR","LBR","Liberia",2004,5.26315789473684,47.4904450892404
"LR","LBR","Liberia",2005,12.5,47.4702319413544
"LR","LBR","Liberia",2006,12.5,47.4407699224883
"LR","LBR","Liberia",2007,12.5,47.4084044689542
"LR","LBR","Liberia",2008,12.5,47.3977893791098
"LR","LBR","Liberia",2009,12.5,47.3956427249533
"LR","LBR","Liberia",2010,12.5,47.3895106567658
"LR","LBR","Liberia",2011,9.58904109589041,47.4721328821795
"LR","LBR","Liberia",2012,10.958904109589,47.524819366584
"LR","LBR","Liberia",2013,10.958904109589,47.4846565641717
"LR","LBR","Liberia",2014,10.958904109589,47.465658524999
"LR","LBR","Liberia",2015,10.958904109589,47.4679518212273
"LR","LBR","Liberia",2016,10.958904109589,47.4825610157336
"LR","LBR","Liberia",2017,9.85915492957746,47.4961654487236
"LR","LBR","Liberia",2018,12.3287671232877,47.521803254466
"LR","LBR","Liberia",2019,12.3287671232877,47.563839830528
"LR","LBR","Liberia",2020,12.3287671232877,47.5373539124855
"LR","LBR","Liberia",2021,10.958904109589,47.5624386749831
"LR","LBR","Liberia",2022,10.958904109589,47.4586230336027
"LR","LBR","Liberia",2023,10.958904109589,47.4835954641661
"LY","LBY","Libya",2000,NA,29.8455528181287
"LY","LBY","Libya",2001,NA,30.6557069276543
"LY","LBY","Libya",2002,NA,31.4287018701242
"LY","LBY","Libya",2003,NA,32.1578627686222
"LY","LBY","Libya",2004,NA,32.8423626274892
"LY","LBY","Libya",2005,4.73684210526316,33.4761834418569
"LY","LBY","Libya",2006,7.69230769230769,33.8257823341052
"LY","LBY","Libya",2007,7.69230769230769,33.9152375206594
"LY","LBY","Libya",2008,7.69230769230769,33.9857708496911
"LY","LBY","Libya",2009,7.69230769230769,34.045907589487
"LY","LBY","Libya",2010,7.69230769230769,34.0916228505507
"LY","LBY","Libya",2011,NA,33.8972358710107
"LY","LBY","Libya",2012,16.5,33.6952682046015
"LY","LBY","Libya",2013,16.5,33.7538324383954
"LY","LBY","Libya",2014,15.9574468085106,33.8094588956876
"LY","LBY","Libya",2015,15.9574468085106,33.8626461537356
"LY","LBY","Libya",2016,15.9574468085106,33.9214367150198
"LY","LBY","Libya",2017,15.9574468085106,33.9562543407934
"LY","LBY","Libya",2018,15.9574468085106,33.9687087150125
"LY","LBY","Libya",2019,15.9574468085106,34.0008799054206
"LY","LBY","Libya",2020,15.9574468085106,33.9305060928516
"LY","LBY","Libya",2021,15.9574468085106,34.0019141598323
"LY","LBY","Libya",2022,16.4705882352941,34.0510678985827
"LY","LBY","Libya",2023,16.4705882352941,34.041318040801
"LC","LCA","St. Lucia",2000,11.1111111111111,42.0270447300622
"LC","LCA","St. Lucia",2001,NA,42.3237927658186
"LC","LCA","St. Lucia",2002,11.1111111111111,42.7462934737426
"LC","LCA","St. Lucia",2003,11.1111111111111,43.1683114703055
"LC","LCA","St. Lucia",2004,11.1111111111111,43.5870298588419
"LC","LCA","St. Lucia",2005,11.1111111111111,44.0051201820509
"LC","LCA","St. Lucia",2006,0,44.4120063191153
"LC","LCA","St. Lucia",2007,11.1111111111111,44.7876400192662
"LC","LCA","St. Lucia",2008,11.1111111111111,45.1352754403545
"LC","LCA","St. Lucia",2009,11.1111111111111,45.4778529992084
"LC","LCA","St. Lucia",2010,11.1111111111111,45.8786090377828
"LC","LCA","St. Lucia",2011,16.6666666666667,46.3239214529614
"LC","LCA","St. Lucia",2012,16.6666666666667,47.0751211456138
"LC","LCA","St. Lucia",2013,16.6666666666667,46.0830429112057
"LC","LCA","St. Lucia",2014,16.6666666666667,46.1725215335247
"LC","LCA","St. Lucia",2015,16.6666666666667,46.2733404923006
"LC","LCA","St. Lucia",2016,16.6666666666667,46.3629805214882
"LC","LCA","St. Lucia",2017,16.6666666666667,46.4485723903663
"LC","LCA","St. Lucia",2018,16.6666666666667,46.2764462644024
"LC","LCA","St. Lucia",2019,16.6666666666667,47.3622485087453
"LC","LCA","St. Lucia",2020,16.6666666666667,46.5617573383005
"LC","LCA","St. Lucia",2021,11.1111111111111,46.8197120174509
"LC","LCA","St. Lucia",2022,11.1111111111111,46.0838877410809
"LC","LCA","St. Lucia",2023,11.1111111111111,46.1053111194754
"LI","LIE","Liechtenstein",2000,4,NA
"LI","LIE","Liechtenstein",2001,12,NA
"LI","LIE","Liechtenstein",2002,12,NA
"LI","LIE","Liechtenstein",2003,12,NA
"LI","LIE","Liechtenstein",2004,12,NA
"LI","LIE","Liechtenstein",2005,24,NA
"LI","LIE","Liechtenstein",2006,24,NA
"LI","LIE","Liechtenstein",2007,24,NA
"LI","LIE","Liechtenstein",2008,24,NA
"LI","LIE","Liechtenstein",2009,24,NA
"LI","LIE","Liechtenstein",2010,24,NA
"LI","LIE","Liechtenstein",2011,24,NA
"LI","LIE","Liechtenstein",2012,24,NA
"LI","LIE","Liechtenstein",2013,20,NA
"LI","LIE","Liechtenstein",2014,20,NA
"LI","LIE","Liechtenstein",2015,20,NA
"LI","LIE","Liechtenstein",2016,20,NA
"LI","LIE","Liechtenstein",2017,12,NA
"LI","LIE","Liechtenstein",2018,12,NA
"LI","LIE","Liechtenstein",2019,12,NA
"LI","LIE","Liechtenstein",2020,12,NA
"LI","LIE","Liechtenstein",2021,28,NA
"LI","LIE","Liechtenstein",2022,28,NA
"LI","LIE","Liechtenstein",2023,28,NA
"LK","LKA","Sri Lanka",2000,NA,33.1420934904344
"LK","LKA","Sri Lanka",2001,NA,33.0925553051953
"LK","LKA","Sri Lanka",2002,4.44444444444444,33.0656138938555
"LK","LKA","Sri Lanka",2003,4.44444444444444,33.0542235925591
"LK","LKA","Sri Lanka",2004,4.88888888888889,33.0434370841215
"LK","LKA","Sri Lanka",2005,4.88888888888889,33.0348581299328
"LK","LKA","Sri Lanka",2006,4.88888888888889,33.0356239330428
"LK","LKA","Sri Lanka",2007,5.77777777777778,33.0451095952735
"LK","LKA","Sri Lanka",2008,5.77777777777778,33.0632654891495
"LK","LKA","Sri Lanka",2009,5.77777777777778,33.0928198060183
"LK","LKA","Sri Lanka",2010,5.33333333333333,33.1146068152253
"LK","LKA","Sri Lanka",2011,5.77777777777778,33.4486595020586
"LK","LKA","Sri Lanka",2012,5.77777777777778,32.3969076467325
"LK","LKA","Sri Lanka",2013,5.77777777777778,33.9553207703497
"LK","LKA","Sri Lanka",2014,5.77777777777778,33.6015228013606
"LK","LKA","Sri Lanka",2015,4.88888888888889,34.3796531968687
"LK","LKA","Sri Lanka",2016,5.77777777777778,34.2795091700016
"LK","LKA","Sri Lanka",2017,5.77777777777778,34.9365889464466
"LK","LKA","Sri Lanka",2018,5.77777777777778,33.4608113595452
"LK","LKA","Sri Lanka",2019,5.33333333333333,34.0787447313297
"LK","LKA","Sri Lanka",2020,5.38116591928251,32.7967203338594
"LK","LKA","Sri Lanka",2021,5.38116591928251,32.8882949763279
"LK","LKA","Sri Lanka",2022,5.33333333333333,33.2596164423145
"LK","LKA","Sri Lanka",2023,5.33333333333333,32.685708113275
"LS","LSO","Lesotho",2000,3.79746835443038,48.2455319547113
"LS","LSO","Lesotho",2001,3.79746835443038,48.0761680856406
"LS","LSO","Lesotho",2002,NA,47.9001623311624
"LS","LSO","Lesotho",2003,11.6666666666667,47.7180059292877
"LS","LSO","Lesotho",2004,11.6666666666667,47.540164773208
"LS","LSO","Lesotho",2005,11.6666666666667,47.371555170029
"LS","LSO","Lesotho",2006,11.6666666666667,47.1831434810836
"LS","LSO","Lesotho",2007,23.5294117647059,47.0072780787855
"LS","LSO","Lesotho",2008,25,46.8533785472742
"LS","LSO","Lesotho",2009,24.1666666666667,46.6879173111019
"LS","LSO","Lesotho",2010,24.1666666666667,46.513642626711
"LS","LSO","Lesotho",2011,24.1666666666667,46.3352891494026
"LS","LSO","Lesotho",2012,26.6666666666667,46.1517105730614
"LS","LSO","Lesotho",2013,26.6666666666667,45.9554363412374
"LS","LSO","Lesotho",2014,26.6666666666667,45.7130913513405
"LS","LSO","Lesotho",2015,25,45.4633836393256
"LS","LSO","Lesotho",2016,25,45.2031461409937
"LS","LSO","Lesotho",2017,22.1311475409836,44.9290166540646
"LS","LSO","Lesotho",2018,22.1311475409836,44.6486226808951
"LS","LSO","Lesotho",2019,23.3333333333333,44.3661669157439
"LS","LSO","Lesotho",2020,23.3333333333333,44.341924874777
"LS","LSO","Lesotho",2021,23.3333333333333,44.3454683480649
"LS","LSO","Lesotho",2022,26.4462809917355,43.9513630640047
"LS","LSO","Lesotho",2023,26.4462809917355,43.94256333837
"LT","LTU","Lithuania",2000,10.6382978723404,49.551991097951
"LT","LTU","Lithuania",2001,10.6382978723404,49.3090172534567
"LT","LTU","Lithuania",2002,10.6382978723404,48.8719446579554
"LT","LTU","Lithuania",2003,10.6382978723404,49.6674788352361
"LT","LTU","Lithuania",2004,21.9858156028369,48.9803807441778
"LT","LTU","Lithuania",2005,21.9858156028369,49.0955198102751
"LT","LTU","Lithuania",2006,24.822695035461,49.5210800960822
"LT","LTU","Lithuania",2007,22.6950354609929,49.311492882278
"LT","LTU","Lithuania",2008,17.7304964539007,49.4080003176568
"LT","LTU","Lithuania",2009,19.1489361702128,50.3125051425938
"LT","LTU","Lithuania",2010,19.1489361702128,50.5991033553809
"LT","LTU","Lithuania",2011,19.1489361702128,50.3391687562146
"LT","LTU","Lithuania",2012,24.4604316546763,50.5337154613734
"LT","LTU","Lithuania",2013,24.113475177305,50.0470422725477
"LT","LTU","Lithuania",2014,24.113475177305,50.1010774607069
"LT","LTU","Lithuania",2015,23.4042553191489,50.4559650898327
"LT","LTU","Lithuania",2016,21.2765957446809,50.5799766116658
"LT","LTU","Lithuania",2017,21.2765957446809,50.4501382915958
"LT","LTU","Lithuania",2018,21.2765957446809,50.1332108530719
"LT","LTU","Lithuania",2019,21.2765957446809,50.0867219247474
"LT","LTU","Lithuania",2020,26.9503546099291,49.4076601438368
"LT","LTU","Lithuania",2021,27.6595744680851,49.503661272383
"LT","LTU","Lithuania",2022,28.3687943262411,49.6379704082464
"LT","LTU","Lithuania",2023,28.3687943262411,49.3343153399276
"LU","LUX","Luxembourg",2000,16.6666666666667,39.7595718664147
"LU","LUX","Luxembourg",2001,16.6666666666667,40.0449695562408
"LU","LUX","Luxembourg",2002,16.6666666666667,40.3662014872161
"LU","LUX","Luxembourg",2003,16.6666666666667,40.9254697583518
"LU","LUX","Luxembourg",2004,23.3333333333333,41.8257588834365
"LU","LUX","Luxembourg",2005,23.3333333333333,42.2151074867436
"LU","LUX","Luxembourg",2006,23.3333333333333,42.6093659664675
"LU","LUX","Luxembourg",2007,23.3333333333333,43.0124603544668
"LU","LUX","Luxembourg",2008,23.3333333333333,43.4067027183448
"LU","LUX","Luxembourg",2009,20,43.2976441751209
"LU","LUX","Luxembourg",2010,20,43.3540330944253
"LU","LUX","Luxembourg",2011,25,43.9468986601555
"LU","LUX","Luxembourg",2012,21.6666666666667,44.2846384660707
"LU","LUX","Luxembourg",2013,28.3333333333333,44.1890301362812
"LU","LUX","Luxembourg",2014,28.3333333333333,44.4336244957131
"LU","LUX","Luxembourg",2015,28.3333333333333,45.4034259044486
"LU","LUX","Luxembourg",2016,28.3333333333333,45.4004913834146
"LU","LUX","Luxembourg",2017,28.3333333333333,45.9724034102327
"LU","LUX","Luxembourg",2018,20,46.142782513242
"LU","LUX","Luxembourg",2019,25,45.6385027285348
"LU","LUX","Luxembourg",2020,30,46.3817597597786
"LU","LUX","Luxembourg",2021,35,46.1076432447138
"LU","LUX","Luxembourg",2022,33.3333333333333,46.5781000794471
"LU","LUX","Luxembourg",2023,33.3333333333333,46.3118683540491
"LV","LVA","Latvia",2000,17,48.0412337226289
"LV","LVA","Latvia",2001,17,48.7661532723403
"LV","LVA","Latvia",2002,18,48.7433254287051
"LV","LVA","Latvia",2003,21,48.9375110580931
"LV","LVA","Latvia",2004,21,48.5361123869096
"LV","LVA","Latvia",2005,21,48.4877711007246
"LV","LVA","Latvia",2006,19,48.4694624723628
"LV","LVA","Latvia",2007,20,48.2885643241932
"LV","LVA","Latvia",2008,20,48.9812333604055
"LV","LVA","Latvia",2009,22,49.8008018607514
"LV","LVA","Latvia",2010,20,50.3872674435627
"LV","LVA","Latvia",2011,23,49.9363679914061
"LV","LVA","Latvia",2012,23,50.0097148452454
"LV","LVA","Latvia",2013,23,49.9883306104758
"LV","LVA","Latvia",2014,18,49.5851488870018
"LV","LVA","Latvia",2015,18,49.5643277668238
"LV","LVA","Latvia",2016,18,50.0786227179169
"LV","LVA","Latvia",2017,16,49.8939821431979
"LV","LVA","Latvia",2018,31,49.889843489308
"LV","LVA","Latvia",2019,30,49.8531632482772
"LV","LVA","Latvia",2020,30,49.7277772973083
"LV","LVA","Latvia",2021,29,49.3879843021128
"LV","LVA","Latvia",2022,30,49.6663436561673
"LV","LVA","Latvia",2023,32,49.6988169505036
"MO","MAC","Macao SAR, China",2000,NA,45.7975151801655
"MO","MAC","Macao SAR, China",2001,NA,46.1920762537014
"MO","MAC","Macao SAR, China",2002,NA,46.6425795590895
"MO","MAC","Macao SAR, China",2003,NA,46.0374212083724
"MO","MAC","Macao SAR, China",2004,NA,46.4814441868736
"MO","MAC","Macao SAR, China",2005,NA,47.2574931337818
"MO","MAC","Macao SAR, China",2006,NA,47.3786562467181
"MO","MAC","Macao SAR, China",2007,NA,48.3356490474842
"MO","MAC","Macao SAR, China",2008,NA,48.4662898792427
"MO","MAC","Macao SAR, China",2009,NA,48.9664301958521
"MO","MAC","Macao SAR, China",2010,NA,48.7185586376833
"MO","MAC","Macao SAR, China",2011,NA,49.1275615623701
"MO","MAC","Macao SAR, China",2012,NA,48.957165919995
"MO","MAC","Macao SAR, China",2013,NA,49.5037440676903
"MO","MAC","Macao SAR, China",2014,NA,49.5125940126444
"MO","MAC","Macao SAR, China",2015,NA,49.9339164188006
"MO","MAC","Macao SAR, China",2016,NA,50.2227356886644
"MO","MAC","Macao SAR, China",2017,NA,50.0091855011967
"MO","MAC","Macao SAR, China",2018,NA,50.084501241779
"MO","MAC","Macao SAR, China",2019,NA,50.229888481743
"MO","MAC","Macao SAR, China",2020,NA,50.3496017666179
"MO","MAC","Macao SAR, China",2021,NA,50.6073859924943
"MO","MAC","Macao SAR, China",2022,NA,49.1350661298409
"MO","MAC","Macao SAR, China",2023,NA,50.4073348017065
"MF","MAF","St. Martin (French part)",2000,NA,NA
"MF","MAF","St. Martin (French part)",2001,NA,NA
"MF","MAF","St. Martin (French part)",2002,NA,NA
"MF","MAF","St. Martin (French part)",2003,NA,NA
"MF","MAF","St. Martin (French part)",2004,NA,NA
"MF","MAF","St. Martin (French part)",2005,NA,NA
"MF","MAF","St. Martin (French part)",2006,NA,NA
"MF","MAF","St. Martin (French part)",2007,NA,NA
"MF","MAF","St. Martin (French part)",2008,NA,NA
"MF","MAF","St. Martin (French part)",2009,NA,NA
"MF","MAF","St. Martin (French part)",2010,NA,NA
"MF","MAF","St. Martin (French part)",2011,NA,NA
"MF","MAF","St. Martin (French part)",2012,NA,NA
"MF","MAF","St. Martin (French part)",2013,NA,NA
"MF","MAF","St. Martin (French part)",2014,NA,NA
"MF","MAF","St. Martin (French part)",2015,NA,NA
"MF","MAF","St. Martin (French part)",2016,NA,NA
"MF","MAF","St. Martin (French part)",2017,NA,NA
"MF","MAF","St. Martin (French part)",2018,NA,NA
"MF","MAF","St. Martin (French part)",2019,NA,NA
"MF","MAF","St. Martin (French part)",2020,NA,NA
"MF","MAF","St. Martin (French part)",2021,NA,NA
"MF","MAF","St. Martin (French part)",2022,NA,NA
"MF","MAF","St. Martin (French part)",2023,NA,NA
"MA","MAR","Morocco",2000,0.615384615384615,24.5049530159244
"MA","MAR","Morocco",2001,0.615384615384615,24.9516174440616
"MA","MAR","Morocco",2002,10.7692307692308,24.6613586002053
"MA","MAR","Morocco",2003,10.7692307692308,24.9175999872862
"MA","MAR","Morocco",2004,10.7692307692308,25.1673643767097
"MA","MAR","Morocco",2005,10.7692307692308,25.4002044410345
"MA","MAR","Morocco",2006,10.7692307692308,25.6202136801068
"MA","MAR","Morocco",2007,10.4615384615385,25.8411359903411
"MA","MAR","Morocco",2008,10.4615384615385,26.0685109070932
"MA","MAR","Morocco",2009,10.4615384615385,25.9265974614015
"MA","MAR","Morocco",2010,10.4615384615385,25.7909544246679
"MA","MAR","Morocco",2011,16.9620253164557,25.5692108830763
"MA","MAR","Morocco",2012,16.9620253164557,25.1598439547864
"MA","MAR","Morocco",2013,16.9620253164557,25.5650006564494
"MA","MAR","Morocco",2014,16.9620253164557,25.7413333928232
"MA","MAR","Morocco",2015,16.9620253164557,25.601328697301
"MA","MAR","Morocco",2016,20.5063291139241,24.9259534167003
"MA","MAR","Morocco",2017,20.5063291139241,24.5860756515724
"MA","MAR","Morocco",2018,20.5063291139241,24.1586501050767
"MA","MAR","Morocco",2019,20.5063291139241,23.7266910599331
"MA","MAR","Morocco",2020,20.5063291139241,23.1281446154902
"MA","MAR","Morocco",2021,22.7848101265823,22.7575490518184
"MA","MAR","Morocco",2022,24.0506329113924,22.0255512657148
"MA","MAR","Morocco",2023,24.3037974683544,22.1697310591024
"MC","MCO","Monaco",2000,22.2222222222222,NA
"MC","MCO","Monaco",2001,22.2222222222222,NA
"MC","MCO","Monaco",2002,22.2222222222222,NA
"MC","MCO","Monaco",2003,20.8333333333333,NA
"MC","MCO","Monaco",2004,20.8333333333333,NA
"MC","MCO","Monaco",2005,20.8333333333333,NA
"MC","MCO","Monaco",2006,20.8333333333333,NA
"MC","MCO","Monaco",2007,20.8333333333333,NA
"MC","MCO","Monaco",2008,25,NA
"MC","MCO","Monaco",2009,26.0869565217391,NA
"MC","MCO","Monaco",2010,26.0869565217391,NA
"MC","MCO","Monaco",2011,19.047619047619,NA
"MC","MCO","Monaco",2012,19.047619047619,NA
"MC","MCO","Monaco",2013,20.8333333333333,NA
"MC","MCO","Monaco",2014,20.8333333333333,NA
"MC","MCO","Monaco",2015,20.8333333333333,NA
"MC","MCO","Monaco",2016,20.8333333333333,NA
"MC","MCO","Monaco",2017,20.8333333333333,NA
"MC","MCO","Monaco",2018,33.3333333333333,NA
"MC","MCO","Monaco",2019,33.3333333333333,NA
"MC","MCO","Monaco",2020,33.3333333333333,NA
"MC","MCO","Monaco",2021,33.3333333333333,NA
"MC","MCO","Monaco",2022,33.3333333333333,NA
"MC","MCO","Monaco",2023,45.8333333333333,NA
"MD","MDA","Moldova",2000,7.92079207920792,51.3704724365405
"MD","MDA","Moldova",2001,12.8712871287129,51.5841073192629
"MD","MDA","Moldova",2002,12.8712871287129,52.2641467556809
"MD","MDA","Moldova",2003,12.8712871287129,53.4654096063193
"MD","MDA","Moldova",2004,15.8415841584158,54.0612577045293
"MD","MDA","Moldova",2005,21.7821782178218,54.7663317369393
"MD","MDA","Moldova",2006,21.7821782178218,53.7232996949799
"MD","MDA","Moldova",2007,21.7821782178218,54.4638016461836
"MD","MDA","Moldova",2008,21.7821782178218,54.0734644113482
"MD","MDA","Moldova",2009,23.7623762376238,53.6605672358785
"MD","MDA","Moldova",2010,18.8118811881188,53.7172273194709
"MD","MDA","Moldova",2011,19.8019801980198,54.2337822374791
"MD","MDA","Moldova",2012,19.8019801980198,54.6359100828164
"MD","MDA","Moldova",2013,19.8019801980198,54.4752130760193
"MD","MDA","Moldova",2014,17.8217821782178,54.2083445173805
"MD","MDA","Moldova",2015,21.7821782178218,53.7780196212584
"MD","MDA","Moldova",2016,21.7821782178218,53.776471651821
"MD","MDA","Moldova",2017,22.7722772277228,53.9494974644934
"MD","MDA","Moldova",2018,22.7722772277228,54.2720558599505
"MD","MDA","Moldova",2019,25.7425742574257,54.1195112437424
"MD","MDA","Moldova",2020,24.7524752475248,53.7695693933633
"MD","MDA","Moldova",2021,39.6039603960396,53.7330026227091
"MD","MDA","Moldova",2022,40.5940594059406,54.4569274068774
"MD","MDA","Moldova",2023,38.6138613861386,54.6828662727879
"MG","MDG","Madagascar",2000,8,48.801331907722
"MG","MDG","Madagascar",2001,8,48.7926998007251
"MG","MDG","Madagascar",2002,NA,48.7552429748756
"MG","MDG","Madagascar",2003,3.75,48.7591591369209
"MG","MDG","Madagascar",2004,6.875,48.7647202775196
"MG","MDG","Madagascar",2005,6.875,48.7787799036769
"MG","MDG","Madagascar",2006,6.875,48.751904835479
"MG","MDG","Madagascar",2007,7.8740157480315,48.7251956002622
"MG","MDG","Madagascar",2008,7.8740157480315,48.6992645544237
"MG","MDG","Madagascar",2009,NA,48.673945485517
"MG","MDG","Madagascar",2010,12.5,48.6495521781133
"MG","MDG","Madagascar",2011,12.5,48.6252585867911
"MG","MDG","Madagascar",2012,17.4863387978142,48.5994107716946
"MG","MDG","Madagascar",2013,17.4863387978142,48.5730879656226
"MG","MDG","Madagascar",2014,20.5298013245033,48.5445921016732
"MG","MDG","Madagascar",2015,20.5298013245033,48.5148207572443
"MG","MDG","Madagascar",2016,20.5298013245033,48.5693426886041
"MG","MDG","Madagascar",2017,19.205298013245,48.6196454288163
"MG","MDG","Madagascar",2018,19.205298013245,48.6641994624159
"MG","MDG","Madagascar",2019,15.8940397350993,48.7077598199916
"MG","MDG","Madagascar",2020,17.8807947019868,48.7084445977515
"MG","MDG","Madagascar",2021,17.8807947019868,48.8484623128279
"MG","MDG","Madagascar",2022,18.5430463576159,48.6283023868524
"MG","MDG","Madagascar",2023,18.5430463576159,48.6426324610494
"MV","MDV","Maldives",2000,6,32.2131457938869
"MV","MDV","Maldives",2001,6,32.4380143737809
"MV","MDV","Maldives",2002,6,32.6711349958738
"MV","MDV","Maldives",2003,6,32.8977432935663
"MV","MDV","Maldives",2004,6,33.1180065820404
"MV","MDV","Maldives",2005,12,33.326354691013
"MV","MDV","Maldives",2006,12,33.0840794933392
"MV","MDV","Maldives",2007,12,32.322561911478
"MV","MDV","Maldives",2008,12,31.5014070518126
"MV","MDV","Maldives",2009,6.49350649350649,30.7607870262467
"MV","MDV","Maldives",2010,6.49350649350649,29.9677212015906
"MV","MDV","Maldives",2011,6.49350649350649,29.257051516867
"MV","MDV","Maldives",2012,6.49350649350649,28.6208613549985
"MV","MDV","Maldives",2013,6.49350649350649,28.0485469430746
"MV","MDV","Maldives",2014,5.88235294117647,27.5171224102888
"MV","MDV","Maldives",2015,5.88235294117647,26.9889622335245
"MV","MDV","Maldives",2016,5.88235294117647,26.4625773428988
"MV","MDV","Maldives",2017,5.88235294117647,25.4975153950403
"MV","MDV","Maldives",2018,5.88235294117647,24.5121068154925
"MV","MDV","Maldives",2019,4.59770114942529,23.5061580103497
"MV","MDV","Maldives",2020,4.59770114942529,23.0074946652556
"MV","MDV","Maldives",2021,4.59770114942529,22.6599534547001
"MV","MDV","Maldives",2022,4.59770114942529,22.4937277069101
"MV","MDV","Maldives",2023,4.59770114942529,22.7277677019147
"MX","MEX","Mexico",2000,16,34.0191747176361
"MX","MEX","Mexico",2001,16,33.8219120699273
"MX","MEX","Mexico",2002,16,34.1586522315642
"MX","MEX","Mexico",2003,22.6,34.5182608949361
"MX","MEX","Mexico",2004,22.6,35.1605007083571
"MX","MEX","Mexico",2005,24.2,35.6209432102427
"MX","MEX","Mexico",2006,22.6,36.1784123699021
"MX","MEX","Mexico",2007,23.2,36.4657825260203
"MX","MEX","Mexico",2008,23.2,36.4944396739475
"MX","MEX","Mexico",2009,27.6,36.9714625011616
"MX","MEX","Mexico",2010,26.2,36.9480877267498
"MX","MEX","Mexico",2011,26.2,37.2604396494448
"MX","MEX","Mexico",2012,36.8,37.7441616349516
"MX","MEX","Mexico",2013,36.8,37.8674721118
"MX","MEX","Mexico",2014,37.4,37.4301595043344
"MX","MEX","Mexico",2015,42.3694779116466,37.7320062356707
"MX","MEX","Mexico",2016,42.4,37.8915569404
"MX","MEX","Mexico",2017,42.6,37.7430731122809
"MX","MEX","Mexico",2018,48.2,38.0623011187493
"MX","MEX","Mexico",2019,48.2,38.8767488971384
"MX","MEX","Mexico",2020,48.2,38.5678234012733
"MX","MEX","Mexico",2021,50,38.8956181944697
"MX","MEX","Mexico",2022,50,39.4612258716186
"MX","MEX","Mexico",2023,50,40.0692793435583
"MH","MHL","Marshall Islands",2000,3.03030303030303,NA
"MH","MHL","Marshall Islands",2001,3.03030303030303,NA
"MH","MHL","Marshall Islands",2002,3.03030303030303,NA
"MH","MHL","Marshall Islands",2003,3.03030303030303,NA
"MH","MHL","Marshall Islands",2004,3.03030303030303,NA
"MH","MHL","Marshall Islands",2005,3.03030303030303,NA
"MH","MHL","Marshall Islands",2006,3.03030303030303,NA
"MH","MHL","Marshall Islands",2007,3.03030303030303,NA
"MH","MHL","Marshall Islands",2008,3.03030303030303,NA
"MH","MHL","Marshall Islands",2009,3.03030303030303,NA
"MH","MHL","Marshall Islands",2010,3.03030303030303,NA
"MH","MHL","Marshall Islands",2011,3.03030303030303,NA
"MH","MHL","Marshall Islands",2012,3.03030303030303,NA
"MH","MHL","Marshall Islands",2013,3.03030303030303,NA
"MH","MHL","Marshall Islands",2014,3.03030303030303,NA
"MH","MHL","Marshall Islands",2015,9.09090909090909,NA
"MH","MHL","Marshall Islands",2016,9.09090909090909,NA
"MH","MHL","Marshall Islands",2017,9.09090909090909,NA
"MH","MHL","Marshall Islands",2018,9.09090909090909,NA
"MH","MHL","Marshall Islands",2019,6.06060606060606,NA
"MH","MHL","Marshall Islands",2020,6.06060606060606,NA
"MH","MHL","Marshall Islands",2021,6.06060606060606,NA
"MH","MHL","Marshall Islands",2022,6.06060606060606,NA
"MH","MHL","Marshall Islands",2023,12.1212121212121,NA
"MK","MKD","North Macedonia",2000,6.66666666666667,40.244070811814
"MK","MKD","North Macedonia",2001,6.66666666666667,40.2782915482317
"MK","MKD","North Macedonia",2002,17.5,40.398404551268
"MK","MKD","North Macedonia",2003,18.3333333333333,41.0212279044151
"MK","MKD","North Macedonia",2004,19.1666666666667,41.1506168852755
"MK","MKD","North Macedonia",2005,19.1666666666667,41.2822195122531
"MK","MKD","North Macedonia",2006,28.3333333333333,40.3087560123731
"MK","MKD","North Macedonia",2007,29.1666666666667,40.6553225260553
"MK","MKD","North Macedonia",2008,31.6666666666667,39.9422098695432
"MK","MKD","North Macedonia",2009,32.5,39.8108025845905
"MK","MKD","North Macedonia",2010,32.5,39.4721871919884
"MK","MKD","North Macedonia",2011,30.8943089430894,40.4671280883741
"MK","MKD","North Macedonia",2012,32.520325203252,40.2444415183778
"MK","MKD","North Macedonia",2013,34.1463414634146,41.010794128611
"MK","MKD","North Macedonia",2014,33.3333333333333,40.5227137994619
"MK","MKD","North Macedonia",2015,33.3333333333333,40.3374231316789
"MK","MKD","North Macedonia",2016,33.3333333333333,39.636565520288
"MK","MKD","North Macedonia",2017,37.5,40.0018024838227
"MK","MKD","North Macedonia",2018,38.3333333333333,40.3523798316351
"MK","MKD","North Macedonia",2019,39.1666666666667,41.7710310852321
"MK","MKD","North Macedonia",2020,39.1666666666667,41.5925235792503
"MK","MKD","North Macedonia",2021,41.6666666666667,41.1111238507274
"MK","MKD","North Macedonia",2022,41.6666666666667,41.3672304700493
"MK","MKD","North Macedonia",2023,42.5,42.2665864422422
"ML","MLI","Mali",2000,12.2448979591837,42.8637088881339
"ML","MLI","Mali",2001,12.2448979591837,42.8644675245907
"ML","MLI","Mali",2002,10.2040816326531,42.865111379872
"ML","MLI","Mali",2003,10.2040816326531,42.8580876998847
"ML","MLI","Mali",2004,10.2040816326531,42.8412349181086
"ML","MLI","Mali",2005,10.2040816326531,42.8095344109922
"ML","MLI","Mali",2006,10.2040816326531,42.7674810887333
"ML","MLI","Mali",2007,10.2040816326531,42.7244230302467
"ML","MLI","Mali",2008,10.2040816326531,42.6746590586573
"ML","MLI","Mali",2009,10.2040816326531,42.6160620906612
"ML","MLI","Mali",2010,10.2040816326531,42.5466950301417
"ML","MLI","Mali",2011,10.2040816326531,42.4706201331836
"ML","MLI","Mali",2012,10.2040816326531,42.3656901771022
"ML","MLI","Mali",2013,NA,42.2804676317892
"ML","MLI","Mali",2014,9.52380952380952,42.2486485964141
"ML","MLI","Mali",2015,8.84353741496599,43.0349055288912
"ML","MLI","Mali",2016,8.84353741496599,42.2778505454421
"ML","MLI","Mali",2017,8.84353741496599,41.5024300258569
"ML","MLI","Mali",2018,8.84353741496599,40.3935132003408
"ML","MLI","Mali",2019,9.52380952380952,39.2834945294188
"ML","MLI","Mali",2020,27.891156462585,38.0940716375297
"ML","MLI","Mali",2021,27.2727272727273,39.3605854332556
"ML","MLI","Mali",2022,28.5714285714286,39.1112160252278
"ML","MLI","Mali",2023,28.5714285714286,39.1723882480824
"MT","MLT","Malta",2000,9.23076923076923,30.5015405793093
"MT","MLT","Malta",2001,9.23076923076923,29.7515001099557
"MT","MLT","Malta",2002,9.23076923076923,31.0543190661479
"MT","MLT","Malta",2003,7.69230769230769,30.7341293150888
"MT","MLT","Malta",2004,9.23076923076923,29.1619550194748
"MT","MLT","Malta",2005,9.23076923076923,31.0906071230854
"MT","MLT","Malta",2006,9.23076923076923,31.2919136942366
"MT","MLT","Malta",2007,9.23076923076923,32.7622999407232
"MT","MLT","Malta",2008,8.69565217391304,33.729307755684
"MT","MLT","Malta",2009,8.69565217391304,33.973159447576
"MT","MLT","Malta",2010,8.69565217391304,34.3066349725486
"MT","MLT","Malta",2011,8.69565217391304,34.9662106477666
"MT","MLT","Malta",2012,8.69565217391304,37.0521875976961
"MT","MLT","Malta",2013,14.2857142857143,37.892877684293
"MT","MLT","Malta",2014,14.2857142857143,38.4264298859215
"MT","MLT","Malta",2015,12.8571428571429,38.6745231614057
"MT","MLT","Malta",2016,12.8571428571429,39.4040980153211
"MT","MLT","Malta",2017,11.9402985074627,39.8161825045134
"MT","MLT","Malta",2018,11.9402985074627,40.1326995043997
"MT","MLT","Malta",2019,14.9253731343284,39.8652688339928
"MT","MLT","Malta",2020,13.4328358208955,40.2025784700301
"MT","MLT","Malta",2021,13.4328358208955,40.2158070850008
"MT","MLT","Malta",2022,27.8481012658228,41.5414444983034
"MT","MLT","Malta",2023,27.8481012658228,41.5346975809718
"MM","MMR","Myanmar",2000,NA,42.1203771199851
"MM","MMR","Myanmar",2001,NA,41.8470737261992
"MM","MMR","Myanmar",2002,NA,41.5733536308218
"MM","MMR","Myanmar",2003,NA,41.2754630280313
"MM","MMR","Myanmar",2004,NA,41.0066700926831
"MM","MMR","Myanmar",2005,NA,40.7596704293487
"MM","MMR","Myanmar",2006,NA,40.5431597727588
"MM","MMR","Myanmar",2007,NA,40.3650981713356
"MM","MMR","Myanmar",2008,NA,40.2007930810449
"MM","MMR","Myanmar",2009,NA,40.0491394340445
"MM","MMR","Myanmar",2010,4.29447852760736,39.9496407154407
"MM","MMR","Myanmar",2011,3.54430379746835,39.90496806302
"MM","MMR","Myanmar",2012,6.03248259860789,39.8473811989598
"MM","MMR","Myanmar",2013,6.03248259860789,39.787118070446
"MM","MMR","Myanmar",2014,5.59440559440559,39.7389185188
"MM","MMR","Myanmar",2015,12.6934984520124,39.7070473414357
"MM","MMR","Myanmar",2016,9.93071593533487,39.296878101101
"MM","MMR","Myanmar",2017,10.161662817552,38.8817447006451
"MM","MMR","Myanmar",2018,10.161662817552,39.3102983462724
"MM","MMR","Myanmar",2019,11.3163972286374,38.7286477216453
"MM","MMR","Myanmar",2020,16.8253968253968,37.6504885824417
"MM","MMR","Myanmar",2021,15.2941176470588,37.6694981445625
"MM","MMR","Myanmar",2022,NA,37.6955548914732
"MM","MMR","Myanmar",2023,NA,37.7120869914658
"ME","MNE","Montenegro",2000,NA,45.2817388242669
"ME","MNE","Montenegro",2001,NA,45.4528004095039
"ME","MNE","Montenegro",2002,NA,45.5956238665755
"ME","MNE","Montenegro",2003,NA,45.7040133141921
"ME","MNE","Montenegro",2004,NA,45.7169353506866
"ME","MNE","Montenegro",2005,NA,45.6463900039338
"ME","MNE","Montenegro",2006,8.64197530864197,45.6399081018988
"ME","MNE","Montenegro",2007,11.1111111111111,45.6352142040487
"ME","MNE","Montenegro",2008,11.1111111111111,45.6462263953921
"ME","MNE","Montenegro",2009,11.1111111111111,45.394104553681
"ME","MNE","Montenegro",2010,11.1111111111111,45.2949897708166
"ME","MNE","Montenegro",2011,12.3456790123457,45.2538522119552
"ME","MNE","Montenegro",2012,17.2839506172839,45.4651176779606
"ME","MNE","Montenegro",2013,16.0493827160494,45.5472304629089
"ME","MNE","Montenegro",2014,17.2839506172839,45.7741936714996
"ME","MNE","Montenegro",2015,17.2839506172839,46.2625526705173
"ME","MNE","Montenegro",2016,23.4567901234568,45.5296990270302
"ME","MNE","Montenegro",2017,23.4567901234568,45.2385296165431
"ME","MNE","Montenegro",2018,23.4567901234568,44.6919209634047
"ME","MNE","Montenegro",2019,28.3950617283951,45.2205987783545
"ME","MNE","Montenegro",2020,22.2222222222222,45.3133982815146
"ME","MNE","Montenegro",2021,24.6913580246914,45.4019095805451
"ME","MNE","Montenegro",2022,27.1604938271605,46.0772184073482
"ME","MNE","Montenegro",2023,20.9876543209877,46.600987864623
"MN","MNG","Mongolia",2000,10.5263157894737,46.430657140314
"MN","MNG","Mongolia",2001,10.5263157894737,46.3829464692711
"MN","MNG","Mongolia",2002,10.5263157894737,46.3535722496105
"MN","MNG","Mongolia",2003,10.5263157894737,46.3509601481141
"MN","MNG","Mongolia",2004,6.75675675675676,46.3971114366797
"MN","MNG","Mongolia",2005,6.66666666666667,46.4280259876512
"MN","MNG","Mongolia",2006,6.57894736842105,46.4866625707429
"MN","MNG","Mongolia",2007,6.57894736842105,46.58291379641
"MN","MNG","Mongolia",2008,4.16666666666667,46.5023906046358
"MN","MNG","Mongolia",2009,3.94736842105263,46.4252301351163
"MN","MNG","Mongolia",2010,3.94736842105263,45.9884694291669
"MN","MNG","Mongolia",2011,3.94736842105263,45.8323051785655
"MN","MNG","Mongolia",2012,14.8648648648649,45.9070175856509
"MN","MNG","Mongolia",2013,14.8648648648649,45.9504288934662
"MN","MNG","Mongolia",2014,14.8648648648649,45.7586484747728
"MN","MNG","Mongolia",2015,14.4736842105263,45.6452157790121
"MN","MNG","Mongolia",2016,17.1052631578947,45.4530867855347
"MN","MNG","Mongolia",2017,17.1052631578947,45.3541826151497
"MN","MNG","Mongolia",2018,17.1052631578947,44.0087599659487
"MN","MNG","Mongolia",2019,17.3333333333333,44.8046944991937
"MN","MNG","Mongolia",2020,17.3333333333333,44.837440256634
"MN","MNG","Mongolia",2021,17.1052631578947,44.1174670844951
"MN","MNG","Mongolia",2022,17.1052631578947,44.3455289116566
"MN","MNG","Mongolia",2023,17.1052631578947,43.8666382526501
"MP","MNP","Northern Mariana Islands",2000,NA,NA
"MP","MNP","Northern Mariana Islands",2001,NA,NA
"MP","MNP","Northern Mariana Islands",2002,NA,NA
"MP","MNP","Northern Mariana Islands",2003,NA,NA
"MP","MNP","Northern Mariana Islands",2004,NA,NA
"MP","MNP","Northern Mariana Islands",2005,NA,NA
"MP","MNP","Northern Mariana Islands",2006,NA,NA
"MP","MNP","Northern Mariana Islands",2007,NA,NA
"MP","MNP","Northern Mariana Islands",2008,NA,NA
"MP","MNP","Northern Mariana Islands",2009,NA,NA
"MP","MNP","Northern Mariana Islands",2010,NA,NA
"MP","MNP","Northern Mariana Islands",2011,NA,NA
"MP","MNP","Northern Mariana Islands",2012,NA,NA
"MP","MNP","Northern Mariana Islands",2013,NA,NA
"MP","MNP","Northern Mariana Islands",2014,NA,NA
"MP","MNP","Northern Mariana Islands",2015,NA,NA
"MP","MNP","Northern Mariana Islands",2016,NA,NA
"MP","MNP","Northern Mariana Islands",2017,NA,NA
"MP","MNP","Northern Mariana Islands",2018,NA,NA
"MP","MNP","Northern Mariana Islands",2019,NA,NA
"MP","MNP","Northern Mariana Islands",2020,NA,NA
"MP","MNP","Northern Mariana Islands",2021,NA,NA
"MP","MNP","Northern Mariana Islands",2022,NA,NA
"MP","MNP","Northern Mariana Islands",2023,NA,NA
"MZ","MOZ","Mozambique",2000,30,54.5310768541865
"MZ","MOZ","Mozambique",2001,30,54.4838826633142
"MZ","MOZ","Mozambique",2002,30,54.4365873823805
"MZ","MOZ","Mozambique",2003,30,54.3815034750909
"MZ","MOZ","Mozambique",2004,34.8,54.3478506825726
"MZ","MOZ","Mozambique",2005,34.8,54.2927571924515
"MZ","MOZ","Mozambique",2006,34.8,54.2164761869524
"MZ","MOZ","Mozambique",2007,34.8,54.1277002541229
"MZ","MOZ","Mozambique",2008,34.8,54.0310900285075
"MZ","MOZ","Mozambique",2009,39.2,53.9202730616402
"MZ","MOZ","Mozambique",2010,39.2,53.7951240967187
"MZ","MOZ","Mozambique",2011,39.2,53.6291562073854
"MZ","MOZ","Mozambique",2012,39.2,53.4270834162776
"MZ","MOZ","Mozambique",2013,39.2,53.2093942759718
"MZ","MOZ","Mozambique",2014,NA,52.9756036467539
"MZ","MOZ","Mozambique",2015,39.6,52.7270106249241
"MZ","MOZ","Mozambique",2016,39.6,52.6311123408268
"MZ","MOZ","Mozambique",2017,39.6,52.5242992179733
"MZ","MOZ","Mozambique",2018,39.6,52.4208150075061
"MZ","MOZ","Mozambique",2019,41.2,52.3296361624234
"MZ","MOZ","Mozambique",2020,42.4,52.2071785208866
"MZ","MOZ","Mozambique",2021,42.4,52.1433334944113
"MZ","MOZ","Mozambique",2022,42.4,51.8760140607006
"MZ","MOZ","Mozambique",2023,43.2,51.8760667404373
"MR","MRT","Mauritania",2000,3.79746835443038,31.1268636798087
"MR","MRT","Mauritania",2001,NA,31.2261430889374
"MR","MRT","Mauritania",2002,NA,31.4073094428339
"MR","MRT","Mauritania",2003,3.7037037037037,31.5737653655836
"MR","MRT","Mauritania",2004,3.7037037037037,31.7346958524454
"MR","MRT","Mauritania",2005,NA,31.8866714483477
"MR","MRT","Mauritania",2006,17.8947368421053,32.0286026380764
"MR","MRT","Mauritania",2007,22.1052631578947,32.1553859926716
"MR","MRT","Mauritania",2008,22.1052631578947,32.2580195417115
"MR","MRT","Mauritania",2009,22.1052631578947,32.3590539483587
"MR","MRT","Mauritania",2010,22.1052631578947,32.4877828411214
"MR","MRT","Mauritania",2011,22.1052631578947,32.6408812011811
"MR","MRT","Mauritania",2012,22.1052631578947,32.8148444703531
"MR","MRT","Mauritania",2013,NA,33.0025723379533
"MR","MRT","Mauritania",2014,25.1700680272109,33.1232987361806
"MR","MRT","Mauritania",2015,25.1700680272109,33.2375198864858
"MR","MRT","Mauritania",2016,25.1700680272109,33.3412480068214
"MR","MRT","Mauritania",2017,25.1700680272109,33.4371618368118
"MR","MRT","Mauritania",2018,20.2614379084967,33.4688659843506
"MR","MRT","Mauritania",2019,20.2614379084967,33.5153473973189
"MR","MRT","Mauritania",2020,20.2614379084967,33.4017187318103
"MR","MRT","Mauritania",2021,20.2614379084967,33.5007228392352
"MR","MRT","Mauritania",2022,20.2614379084967,33.2482539716231
"MR","MRT","Mauritania",2023,23.2954545454545,33.4070667973941
"MU","MUS","Mauritius",2000,5.71428571428571,32.5715726058605
"MU","MUS","Mauritius",2001,5.71428571428571,31.2178744449715
"MU","MUS","Mauritius",2002,5.71428571428571,32.2379885486682
"MU","MUS","Mauritius",2003,5.71428571428571,33.7468489028576
"MU","MUS","Mauritius",2004,5.71428571428571,33.5772733041145
"MU","MUS","Mauritius",2005,17.1428571428571,34.5700166291413
"MU","MUS","Mauritius",2006,17.1428571428571,34.9790239879522
"MU","MUS","Mauritius",2007,17.1428571428571,34.6509823083888
"MU","MUS","Mauritius",2008,17.1428571428571,35.4334380696366
"MU","MUS","Mauritius",2009,17.1428571428571,35.7941262483605
"MU","MUS","Mauritius",2010,18.8405797101449,36.6760426421419
"MU","MUS","Mauritius",2011,18.8405797101449,36.4724301075269
"MU","MUS","Mauritius",2012,18.8405797101449,36.6690045291132
"MU","MUS","Mauritius",2013,18.8405797101449,37.6320452447136
"MU","MUS","Mauritius",2014,18.8405797101449,37.6521682126586
"MU","MUS","Mauritius",2015,11.5942028985507,38.3445574402567
"MU","MUS","Mauritius",2016,11.5942028985507,37.9520304799553
"MU","MUS","Mauritius",2017,11.5942028985507,38.0261780357307
"MU","MUS","Mauritius",2018,11.5942028985507,38.294260137594
"MU","MUS","Mauritius",2019,20,38.6471639778106
"MU","MUS","Mauritius",2020,20,38.469126595366
"MU","MUS","Mauritius",2021,20,38.3384630765605
"MU","MUS","Mauritius",2022,20,38.0893990811143
"MU","MUS","Mauritius",2023,20,40.2938716234912
"MW","MWI","Malawi",2000,9.32642487046632,50.4093618552485
"MW","MWI","Malawi",2001,9.32642487046632,50.4683724779372
"MW","MWI","Malawi",2002,9.32642487046632,50.5257715685935
"MW","MWI","Malawi",2003,9.32642487046632,50.5904147573746
"MW","MWI","Malawi",2004,13.9896373056995,50.6554439026896
"MW","MWI","Malawi",2005,13.6125654450262,50.7080119068519
"MW","MWI","Malawi",2006,13.6125654450262,50.5383886055471
"MW","MWI","Malawi",2007,12.9533678756477,50.3331731347079
"MW","MWI","Malawi",2008,12.9533678756477,50.0766954698474
"MW","MWI","Malawi",2009,20.8333333333333,49.7753789826995
"MW","MWI","Malawi",2010,20.8333333333333,49.4480848694331
"MW","MWI","Malawi",2011,22.279792746114,49.1006184041824
"MW","MWI","Malawi",2012,22.279792746114,48.9552091579184
"MW","MWI","Malawi",2013,22.279792746114,48.8128545205695
"MW","MWI","Malawi",2014,16.6666666666667,48.6768552005691
"MW","MWI","Malawi",2015,16.6666666666667,48.5490151980777
"MW","MWI","Malawi",2016,16.6666666666667,48.428421367665
"MW","MWI","Malawi",2017,16.6666666666667,48.317244772013
"MW","MWI","Malawi",2018,16.6666666666667,48.4677872370679
"MW","MWI","Malawi",2019,22.9166666666667,48.6402532236196
"MW","MWI","Malawi",2020,22.9166666666667,48.1945121586249
"MW","MWI","Malawi",2021,22.9166666666667,48.6706221474832
"MW","MWI","Malawi",2022,22.9166666666667,48.5163551401869
"MW","MWI","Malawi",2023,20.7253886010363,48.4621577098849
"MY","MYS","Malaysia",2000,10.3626943005181,33.3330630571392
"MY","MYS","Malaysia",2001,10.3626943005181,33.5497001893648
"MY","MYS","Malaysia",2002,10.3626943005181,33.743565811886
"MY","MYS","Malaysia",2003,10.4712041884817,33.9168031984213
"MY","MYS","Malaysia",2004,9.1324200913242,34.0769473801864
"MY","MYS","Malaysia",2005,9.1324200913242,34.2281035907759
"MY","MYS","Malaysia",2006,9.1324200913242,34.3735749946625
"MY","MYS","Malaysia",2007,10.0456621004566,34.5139942902455
"MY","MYS","Malaysia",2008,10.8108108108108,34.6466857216736
"MY","MYS","Malaysia",2009,9.90990990990991,34.7694462059578
"MY","MYS","Malaysia",2010,9.90990990990991,34.9053258940771
"MY","MYS","Malaysia",2011,10.4072398190045,35.0500858781748
"MY","MYS","Malaysia",2012,10.4072398190045,35.7394710133875
"MY","MYS","Malaysia",2013,10.3603603603604,36.3956249167463
"MY","MYS","Malaysia",2014,10.3603603603604,37.0194707361574
"MY","MYS","Malaysia",2015,10.3603603603604,37.0749592251261
"MY","MYS","Malaysia",2016,10.3603603603604,37.1639813719926
"MY","MYS","Malaysia",2017,10.3603603603604,37.2383374897168
"MY","MYS","Malaysia",2018,13.9013452914798,37.1979004697525
"MY","MYS","Malaysia",2019,14.4144144144144,37.0730778714041
"MY","MYS","Malaysia",2020,14.8648648648649,36.9917937590368
"MY","MYS","Malaysia",2021,14.8648648648649,36.9647954218787
"MY","MYS","Malaysia",2022,13.5746606334842,36.8498450257478
"MY","MYS","Malaysia",2023,13.5135135135135,36.928399373767
"NA","NAM","Namibia",2000,25,45.9059649561648
"NA","NAM","Namibia",2001,25,46.1203561839171
"NA","NAM","Namibia",2002,25,46.3191299731967
"NA","NAM","Namibia",2003,26.3888888888889,46.511668705414
"NA","NAM","Namibia",2004,25,46.7099776197406
"NA","NAM","Namibia",2005,26.9230769230769,46.9081652219734
"NA","NAM","Namibia",2006,26.9230769230769,47.1106347351397
"NA","NAM","Namibia",2007,26.9230769230769,47.3247838522257
"NA","NAM","Namibia",2008,26.9230769230769,47.5465676624392
"NA","NAM","Namibia",2009,26.9230769230769,47.7680861980503
"NA","NAM","Namibia",2010,24.3589743589744,47.9883744358744
"NA","NAM","Namibia",2011,24.3589743589744,48.2075451085832
"NA","NAM","Namibia",2012,24.3589743589744,48.3909272948629
"NA","NAM","Namibia",2013,24.3589743589744,49.7164208072331
"NA","NAM","Namibia",2014,NA,49.1921973107236
"NA","NAM","Namibia",2015,41.3461538461538,48.5378850283496
"NA","NAM","Namibia",2016,41.3461538461538,47.8818223594917
"NA","NAM","Namibia",2017,41.3461538461538,48.3943361053229
"NA","NAM","Namibia",2018,46.1538461538462,48.9343125084756
"NA","NAM","Namibia",2019,42.7083333333333,48.7701199756574
"NA","NAM","Namibia",2020,43.2692307692308,48.5969278833637
"NA","NAM","Namibia",2021,44.2307692307692,48.7043271551308
"NA","NAM","Namibia",2022,44.2307692307692,48.071757473719
"NA","NAM","Namibia",2023,44.2307692307692,48.1434642723668
"NC","NCL","New Caledonia",2000,NA,45.221798013924
"NC","NCL","New Caledonia",2001,NA,45.2887014886843
"NC","NCL","New Caledonia",2002,NA,45.406133889882
"NC","NCL","New Caledonia",2003,NA,45.5713814946359
"NC","NCL","New Caledonia",2004,NA,45.7224283486584
"NC","NCL","New Caledonia",2005,NA,45.8610888675742
"NC","NCL","New Caledonia",2006,NA,45.9761279624128
"NC","NCL","New Caledonia",2007,NA,45.9726765767751
"NC","NCL","New Caledonia",2008,NA,45.8818233352229
"NC","NCL","New Caledonia",2009,NA,45.8621113432469
"NC","NCL","New Caledonia",2010,NA,46.074871967493
"NC","NCL","New Caledonia",2011,NA,46.2162754990129
"NC","NCL","New Caledonia",2012,NA,46.2749036051298
"NC","NCL","New Caledonia",2013,NA,46.3365578728546
"NC","NCL","New Caledonia",2014,NA,46.376298394712
"NC","NCL","New Caledonia",2015,NA,46.4748853696781
"NC","NCL","New Caledonia",2016,NA,46.5816987556118
"NC","NCL","New Caledonia",2017,NA,46.7041198501873
"NC","NCL","New Caledonia",2018,NA,46.8577908611463
"NC","NCL","New Caledonia",2019,NA,47.0232638998641
"NC","NCL","New Caledonia",2020,NA,47.1719448130727
"NC","NCL","New Caledonia",2021,NA,47.1224544186119
"NC","NCL","New Caledonia",2022,NA,46.6589371980676
"NC","NCL","New Caledonia",2023,NA,46.6122975556938
"NE","NER","Niger",2000,1.20481927710843,43.5724185724186
"NE","NER","Niger",2001,1.20481927710843,43.46118355982
"NE","NER","Niger",2002,1.20481927710843,43.3498350546246
"NE","NER","Niger",2003,1.20481927710843,43.2392006337597
"NE","NER","Niger",2004,12.3893805309735,43.1304803690591
"NE","NER","Niger",2005,12.3893805309735,43.0270489020059
"NE","NER","Niger",2006,12.3893805309735,42.9294919307952
"NE","NER","Niger",2007,12.3893805309735,42.8404882754981
"NE","NER","Niger",2008,12.3893805309735,42.7609704101234
"NE","NER","Niger",2009,9.73451327433628,42.6915099057451
"NE","NER","Niger",2010,NA,42.6327238916294
"NE","NER","Niger",2011,13.2743362831858,42.5870755874025
"NE","NER","Niger",2012,13.2743362831858,42.2424744324812
"NE","NER","Niger",2013,13.2743362831858,41.9222179411746
"NE","NER","Niger",2014,13.2743362831858,41.6350599157904
"NE","NER","Niger",2015,13.2743362831858,41.5022696100513
"NE","NER","Niger",2016,14.6198830409357,41.3704715538579
"NE","NER","Niger",2017,16.9590643274854,41.2377634785388
"NE","NER","Niger",2018,16.9590643274854,41.1037972753348
"NE","NER","Niger",2019,16.9590643274854,40.9703928892179
"NE","NER","Niger",2020,16.9590643274854,42.3216195495592
"NE","NER","Niger",2021,25.9036144578313,43.6691263293607
"NE","NER","Niger",2022,25.9036144578313,44.9433830403398
"NE","NER","Niger",2023,NA,44.9022020738884
"NG","NGA","Nigeria",2000,3.41880341880342,46.8615802146059
"NG","NGA","Nigeria",2001,3.41880341880342,46.831141466818
"NG","NGA","Nigeria",2002,3.41880341880342,46.9053695782813
"NG","NGA","Nigeria",2003,4.72222222222222,46.8603811279412
"NG","NGA","Nigeria",2004,4.72222222222222,46.8600549298471
"NG","NGA","Nigeria",2005,6.38888888888889,46.823580897884
"NG","NGA","Nigeria",2006,6.11111111111111,46.8940529833522
"NG","NGA","Nigeria",2007,6.98324022346369,46.9431813769579
"NG","NGA","Nigeria",2008,6.98324022346369,46.9413936108999
"NG","NGA","Nigeria",2009,6.98324022346369,46.873472981195
"NG","NGA","Nigeria",2010,6.98324022346369,46.9165422357577
"NG","NGA","Nigeria",2011,6.81818181818182,46.7187399441762
"NG","NGA","Nigeria",2012,6.66666666666667,46.709274215327
"NG","NGA","Nigeria",2013,6.66666666666667,46.7068111146855
"NG","NGA","Nigeria",2014,6.66666666666667,46.6589116065856
"NG","NGA","Nigeria",2015,5.55555555555556,46.6736871475046
"NG","NGA","Nigeria",2016,5.55555555555556,46.6940074472793
"NG","NGA","Nigeria",2017,5.55555555555556,46.8034278561117
"NG","NGA","Nigeria",2018,5.55555555555556,46.8604251508921
"NG","NGA","Nigeria",2019,3.38028169014084,46.9550842050872
"NG","NGA","Nigeria",2020,7.22222222222222,46.8642763406595
"NG","NGA","Nigeria",2021,3.61111111111111,46.976021110865
"NG","NGA","Nigeria",2022,3.61111111111111,46.9337837509465
"NG","NGA","Nigeria",2023,3.91061452513966,48.438832511361
"NI","NIC","Nicaragua",2000,9.67741935483871,30.8740829906932
"NI","NIC","Nicaragua",2001,NA,31.4058260737717
"NI","NIC","Nicaragua",2002,20.6521739130435,31.9390670357612
"NI","NIC","Nicaragua",2003,20.6521739130435,32.4715398761155
"NI","NIC","Nicaragua",2004,20.6521739130435,33.0032834210636
"NI","NIC","Nicaragua",2005,20.6521739130435,33.5324735704712
"NI","NIC","Nicaragua",2006,15.2173913043478,34.0602868670841
"NI","NIC","Nicaragua",2007,18.4782608695652,34.584821174513
"NI","NIC","Nicaragua",2008,18.4782608695652,35.10043198869
"NI","NIC","Nicaragua",2009,20.6521739130435,35.6116975107258
"NI","NIC","Nicaragua",2010,20.6521739130435,36.1168931914321
"NI","NIC","Nicaragua",2011,40.2173913043478,36.6171060269908
"NI","NIC","Nicaragua",2012,40.2173913043478,37.1135789689693
"NI","NIC","Nicaragua",2013,40.2173913043478,37.6058350704205
"NI","NIC","Nicaragua",2014,42.3913043478261,38.0920367286146
"NI","NIC","Nicaragua",2015,41.304347826087,38.3234754908263
"NI","NIC","Nicaragua",2016,45.6521739130435,38.5437028788108
"NI","NIC","Nicaragua",2017,45.6521739130435,38.7623544923208
"NI","NIC","Nicaragua",2018,45.6521739130435,38.6439155033077
"NI","NIC","Nicaragua",2019,44.5652173913043,38.5519123060128
"NI","NIC","Nicaragua",2020,47.2527472527472,38.5130704282072
"NI","NIC","Nicaragua",2021,50.5494505494505,38.7439020691092
"NI","NIC","Nicaragua",2022,51.6483516483517,39.3430924650923
"NI","NIC","Nicaragua",2023,51.6483516483517,39.6268980722554
"NL","NLD","Netherlands",2000,36,44.3759650577279
"NL","NLD","Netherlands",2001,36,44.7008229444177
"NL","NLD","Netherlands",2002,34,44.9667531170602
"NL","NLD","Netherlands",2003,36.6666666666667,45.1581304147738
"NL","NLD","Netherlands",2004,36.6666666666667,45.2213719090619
"NL","NLD","Netherlands",2005,36.6666666666667,45.2040847031471
"NL","NLD","Netherlands",2006,36.6666666666667,45.4116548253863
"NL","NLD","Netherlands",2007,39.3333333333333,45.5562696383558
"NL","NLD","Netherlands",2008,41.3333333333333,45.7597334886894
"NL","NLD","Netherlands",2009,42,45.8851324702125
"NL","NLD","Netherlands",2010,40.6666666666667,46.1950309355916
"NL","NLD","Netherlands",2011,40.6666666666667,46.45890214818
"NL","NLD","Netherlands",2012,38.6666666666667,46.5882884011022
"NL","NLD","Netherlands",2013,38.6666666666667,46.5756122027923
"NL","NLD","Netherlands",2014,38.6666666666667,46.3667490308197
"NL","NLD","Netherlands",2015,37.3333333333333,46.4891112105521
"NL","NLD","Netherlands",2016,37.3333333333333,46.6208348551838
"NL","NLD","Netherlands",2017,36,46.7494309141469
"NL","NLD","Netherlands",2018,36,46.7357535493904
"NL","NLD","Netherlands",2019,31.3333333333333,46.868556817426
"NL","NLD","Netherlands",2020,33.3333333333333,47.0471254024257
"NL","NLD","Netherlands",2021,39.3333333333333,47.1227317122254
"NL","NLD","Netherlands",2022,40.6666666666667,47.1191589330112
"NL","NLD","Netherlands",2023,40,47.1394840213234
"NO","NOR","Norway",2000,36.3636363636364,46.7174952712892
"NO","NOR","Norway",2001,35.7575757575758,46.79885010484
"NO","NOR","Norway",2002,36.3636363636364,47.0705260482056
"NO","NOR","Norway",2003,36.3636363636364,47.2262919552477
"NO","NOR","Norway",2004,38.1818181818182,47.4198847749449
"NO","NOR","Norway",2005,37.8698224852071,47.3766697676188
"NO","NOR","Norway",2006,37.8698224852071,47.6435778965157
"NO","NOR","Norway",2007,36.094674556213,47.7012499360983
"NO","NOR","Norway",2008,36.094674556213,47.6032221421329
"NO","NOR","Norway",2009,39.6449704142012,47.6335896213676
"NO","NOR","Norway",2010,39.6449704142012,47.6482902217408
"NO","NOR","Norway",2011,39.6449704142012,47.6723943288274
"NO","NOR","Norway",2012,39.6449704142012,47.4402706755634
"NO","NOR","Norway",2013,39.6449704142012,47.4899220068963
"NO","NOR","Norway",2014,39.6449704142012,47.3888877774412
"NO","NOR","Norway",2015,39.6449704142012,47.3507789895236
"NO","NOR","Norway",2016,39.6449704142012,47.3968307288171
"NO","NOR","Norway",2017,41.4201183431953,47.518273234617
"NO","NOR","Norway",2018,41.4201183431953,47.325361055276
"NO","NOR","Norway",2019,40.8284023668639,47.3006306297332
"NO","NOR","Norway",2020,41.4201183431953,47.3384151959475
"NO","NOR","Norway",2021,44.9704142011834,47.0894170423662
"NO","NOR","Norway",2022,44.9704142011834,47.0492895634158
"NO","NOR","Norway",2023,46.1538461538462,47.1057658295012
"NP","NPL","Nepal",2000,5.85365853658537,25.7647688297618
"NP","NPL","Nepal",2001,5.85365853658537,26.1063868025562
"NP","NPL","Nepal",2002,5.85365853658537,26.4756136740671
"NP","NPL","Nepal",2003,5.85365853658537,26.8656958063607
"NP","NPL","Nepal",2004,5.85365853658537,27.2985647205213
"NP","NPL","Nepal",2005,5.85365853658537,27.8001421508475
"NP","NPL","Nepal",2006,5.88235294117647,28.3736537884554
"NP","NPL","Nepal",2007,17.3252279635258,29.0096604852533
"NP","NPL","Nepal",2008,33.1649831649832,29.7329086801068
"NP","NPL","Nepal",2009,33.1649831649832,30.5375116209821
"NP","NPL","Nepal",2010,33.1649831649832,31.3946904736726
"NP","NPL","Nepal",2011,33.1649831649832,32.3137934655554
"NP","NPL","Nepal",2012,33.1649831649832,33.2338042729388
"NP","NPL","Nepal",2013,NA,34.109879344099
"NP","NPL","Nepal",2014,29.4807370184255,34.9428355376704
"NP","NPL","Nepal",2015,29.5492487479132,35.7067571221263
"NP","NPL","Nepal",2016,29.5798319327731,36.3769232894155
"NP","NPL","Nepal",2017,29.5798319327731,36.942114369508
"NP","NPL","Nepal",2018,32.7272727272727,37.3737266514544
"NP","NPL","Nepal",2019,32.7272727272727,37.143846872209
"NP","NPL","Nepal",2020,32.7272727272727,36.7970868705481
"NP","NPL","Nepal",2021,32.7272727272727,36.5689095343075
"NP","NPL","Nepal",2022,33.0909090909091,36.6536846181342
"NP","NPL","Nepal",2023,33.0882352941176,36.9618098063648
"NR","NRU","Nauru",2000,NA,NA
"NR","NRU","Nauru",2001,0,NA
"NR","NRU","Nauru",2002,0,NA
"NR","NRU","Nauru",2003,NA,NA
"NR","NRU","Nauru",2004,0,NA
"NR","NRU","Nauru",2005,0,NA
"NR","NRU","Nauru",2006,0,NA
"NR","NRU","Nauru",2007,0,NA
"NR","NRU","Nauru",2008,0,NA
"NR","NRU","Nauru",2009,0,NA
"NR","NRU","Nauru",2010,0,NA
"NR","NRU","Nauru",2011,0,NA
"NR","NRU","Nauru",2012,0,NA
"NR","NRU","Nauru",2013,5.26315789473684,NA
"NR","NRU","Nauru",2014,5.26315789473684,NA
"NR","NRU","Nauru",2015,5.26315789473684,NA
"NR","NRU","Nauru",2016,5.26315789473684,NA
"NR","NRU","Nauru",2017,10.5263157894737,NA
"NR","NRU","Nauru",2018,10.5263157894737,NA
"NR","NRU","Nauru",2019,10.5263157894737,NA
"NR","NRU","Nauru",2020,10.5263157894737,NA
"NR","NRU","Nauru",2021,10.5263157894737,NA
"NR","NRU","Nauru",2022,10.5263157894737,NA
"NR","NRU","Nauru",2023,10.5263157894737,NA
"NZ","NZL","New Zealand",2000,30.8333333333333,45.1689279173865
"NZ","NZL","New Zealand",2001,30.8333333333333,45.5004333340636
"NZ","NZL","New Zealand",2002,29.1666666666667,45.5542537522067
"NZ","NZL","New Zealand",2003,28.3333333333333,45.9357611086872
"NZ","NZL","New Zealand",2004,28.3333333333333,45.9196384654381
"NZ","NZL","New Zealand",2005,32.2314049586777,46.1842722240014
"NZ","NZL","New Zealand",2006,32.2314049586777,46.2636529506863
"NZ","NZL","New Zealand",2007,33.0578512396694,46.4789105307681
"NZ","NZL","New Zealand",2008,33.6065573770492,46.7534336075905
"NZ","NZL","New Zealand",2009,33.6065573770492,46.9669938910686
"NZ","NZL","New Zealand",2010,33.6065573770492,47.0144526679318
"NZ","NZL","New Zealand",2011,32.2314049586777,47.1398780668237
"NZ","NZL","New Zealand",2012,32.2314049586777,47.4358161835663
"NZ","NZL","New Zealand",2013,32.2314049586777,47.4677968563033
"NZ","NZL","New Zealand",2014,29.7520661157025,47.365542677015
"NZ","NZL","New Zealand",2015,31.404958677686,47.1189729780872
"NZ","NZL","New Zealand",2016,31.404958677686,47.053023413981
"NZ","NZL","New Zealand",2017,38.3333333333333,46.9379495185253
"NZ","NZL","New Zealand",2018,38.3333333333333,47.0355276127401
"NZ","NZL","New Zealand",2019,40.8333333333333,47.2691603907396
"NZ","NZL","New Zealand",2020,48.3333333333333,47.0063921988969
"NZ","NZL","New Zealand",2021,49.1666666666667,47.2932719936177
"NZ","NZL","New Zealand",2022,50.4201680672269,47.4659082771532
"NZ","NZL","New Zealand",2023,44.2622950819672,47.451972105023
"OM","OMN","Oman",2000,NA,16.2234870244332
"OM","OMN","Oman",2001,NA,16.549315744572
"OM","OMN","Oman",2002,NA,16.9158089460428
"OM","OMN","Oman",2003,NA,17.2736746886425
"OM","OMN","Oman",2004,2.40963855421687,17.3999165163629
"OM","OMN","Oman",2005,2.40963855421687,17.4357379283696
"OM","OMN","Oman",2006,2.40963855421687,17.4519035825746
"OM","OMN","Oman",2007,0,17.4530524986031
"OM","OMN","Oman",2008,0,17.4524484860534
"OM","OMN","Oman",2009,0,17.4491726398252
"OM","OMN","Oman",2010,0,17.3453432494376
"OM","OMN","Oman",2011,1.19047619047619,15.4967712888581
"OM","OMN","Oman",2012,1.19047619047619,13.5922035322362
"OM","OMN","Oman",2013,1.19047619047619,13.1056414320793
"OM","OMN","Oman",2014,1.19047619047619,13.2576899650298
"OM","OMN","Oman",2015,1.17647058823529,13.3403729055539
"OM","OMN","Oman",2016,1.17647058823529,13.2499048165925
"OM","OMN","Oman",2017,1.17647058823529,13.1870189974694
"OM","OMN","Oman",2018,1.17647058823529,13.3988594519946
"OM","OMN","Oman",2019,2.32558139534884,13.9915072827863
"OM","OMN","Oman",2020,2.32558139534884,15.0138161604044
"OM","OMN","Oman",2021,2.32558139534884,15.8032905355393
"OM","OMN","Oman",2022,2.32558139534884,15.6488608907576
"OM","OMN","Oman",2023,0,15.162475584376
"PK","PAK","Pakistan",2000,NA,15.4721372775521
"PK","PAK","Pakistan",2001,NA,15.512827925382
"PK","PAK","Pakistan",2002,21.0526315789474,15.5881366543518
"PK","PAK","Pakistan",2003,21.6374269005848,16.3119279732944
"PK","PAK","Pakistan",2004,21.3450292397661,17.0278793849998
"PK","PAK","Pakistan",2005,21.3450292397661,17.7092006492518
"PK","PAK","Pakistan",2006,21.3450292397661,18.432231647059
"PK","PAK","Pakistan",2007,21.0526315789474,18.7998559606896
"PK","PAK","Pakistan",2008,22.4852071005917,19.3345417854498
"PK","PAK","Pakistan",2009,22.2222222222222,20.2711406087906
"PK","PAK","Pakistan",2010,22.2222222222222,21.1139934455322
"PK","PAK","Pakistan",2011,22.5146198830409,21.4049845531048
"PK","PAK","Pakistan",2012,22.5146198830409,21.5425729155311
"PK","PAK","Pakistan",2013,20.7430340557276,21.6785809798099
"PK","PAK","Pakistan",2014,20.7430340557276,22.0688155339062
"PK","PAK","Pakistan",2015,20.5882352941176,22.5769490636701
"PK","PAK","Pakistan",2016,20.5882352941176,21.9553469157158
"PK","PAK","Pakistan",2017,20.5882352941176,21.3416725822768
"PK","PAK","Pakistan",2018,20.2346041055718,20.7370256110759
"PK","PAK","Pakistan",2019,20.2346041055718,22.0899728208923
"PK","PAK","Pakistan",2020,20.1754385964912,22.2633147238527
"PK","PAK","Pakistan",2021,20.1754385964912,22.7006727069609
"PK","PAK","Pakistan",2022,20.4678362573099,22.5771467118428
"PK","PAK","Pakistan",2023,20.4678362573099,22.6363011330963
"PA","PAN","Panama",2000,9.85915492957746,35.6994371815725
"PA","PAN","Panama",2001,9.85915492957746,36.1442337158228
"PA","PAN","Panama",2002,9.85915492957746,36.586378188411
"PA","PAN","Panama",2003,9.85915492957746,36.9080430252745
"PA","PAN","Panama",2004,16.6666666666667,36.8326896020031
"PA","PAN","Panama",2005,16.6666666666667,37.2987688755334
"PA","PAN","Panama",2006,16.6666666666667,36.8839688725304
"PA","PAN","Panama",2007,16.6666666666667,37.2880421278537
"PA","PAN","Panama",2008,16.6666666666667,37.1797706120624
"PA","PAN","Panama",2009,8.45070422535211,37.1977345943966
"PA","PAN","Panama",2010,8.45070422535211,37.4749768290086
"PA","PAN","Panama",2011,8.45070422535211,36.844361515076
"PA","PAN","Panama",2012,8.45070422535211,37.6929521193368
"PA","PAN","Panama",2013,8.45070422535211,38.425974023088
"PA","PAN","Panama",2014,19.2982456140351,38.8068266580715
"PA","PAN","Panama",2015,18.3098591549296,39.471509209158
"PA","PAN","Panama",2016,18.3098591549296,39.6702952706527
"PA","PAN","Panama",2017,18.3098591549296,39.9295444972192
"PA","PAN","Panama",2018,18.3098591549296,40.6103511559364
"PA","PAN","Panama",2019,21.1267605633803,41.4147430984211
"PA","PAN","Panama",2020,22.5352112676056,42.4333416093895
"PA","PAN","Panama",2021,22.5352112676056,39.2389935299486
"PA","PAN","Panama",2022,22.5352112676056,39.6313393796404
"PA","PAN","Panama",2023,22.5352112676056,40.7786354643625
"PE","PER","Peru",2000,NA,40.9492405443528
"PE","PER","Peru",2001,18.3333333333333,42.8186951741599
"PE","PER","Peru",2002,18.3333333333333,43.1533021785168
"PE","PER","Peru",2003,18.3333333333333,43.4745543712436
"PE","PER","Peru",2004,18.3333333333333,43.7864786752789
"PE","PER","Peru",2005,18.3333333333333,44.087623882066
"PE","PER","Peru",2006,29.1666666666667,44.4237659452948
"PE","PER","Peru",2007,29.1666666666667,44.8356022403896
"PE","PER","Peru",2008,29.1666666666667,44.9656562123177
"PE","PER","Peru",2009,27.5,45.0088194912793
"PE","PER","Peru",2010,27.5,45.6092871900535
"PE","PER","Peru",2011,21.5384615384615,45.4891914056453
"PE","PER","Peru",2012,21.5384615384615,45.4622495971236
"PE","PER","Peru",2013,21.5384615384615,45.3979926884063
"PE","PER","Peru",2014,22.3076923076923,45.3211833676444
"PE","PER","Peru",2015,22.3076923076923,44.9536366890508
"PE","PER","Peru",2016,27.6923076923077,45.3308017553156
"PE","PER","Peru",2017,27.6923076923077,45.4859987443003
"PE","PER","Peru",2018,27.6923076923077,45.6939291014444
"PE","PER","Peru",2019,30,45.7248354907766
"PE","PER","Peru",2020,26.1538461538462,43.9059623302979
"PE","PER","Peru",2021,40,45.6298825718232
"PE","PER","Peru",2022,40,45.364958473676
"PE","PER","Peru",2023,38.7596899224806,45.3332232054438
"PH","PHL","Philippines",2000,11.2612612612613,39.0233118252889
"PH","PHL","Philippines",2001,17.7570093457944,38.9866904992243
"PH","PHL","Philippines",2002,17.7570093457944,38.9807978404534
"PH","PHL","Philippines",2003,17.7570093457944,38.9646066518124
"PH","PHL","Philippines",2004,15.2542372881356,38.4626143395378
"PH","PHL","Philippines",2005,15.2542372881356,39.0366516852294
"PH","PHL","Philippines",2006,15.2542372881356,39.3066876742614
"PH","PHL","Philippines",2007,20.5020920502092,39.4438415707207
"PH","PHL","Philippines",2008,20.5020920502092,39.140098612018
"PH","PHL","Philippines",2009,20.9737827715356,39.5880622135043
"PH","PHL","Philippines",2010,22.1428571428571,39.7635612232849
"PH","PHL","Philippines",2011,22.887323943662,39.885504916233
"PH","PHL","Philippines",2012,22.887323943662,39.7734436708959
"PH","PHL","Philippines",2013,27.3356401384083,39.8188196432412
"PH","PHL","Philippines",2014,27.3356401384083,39.9798670258095
"PH","PHL","Philippines",2015,27.2413793103448,40.0854321061309
"PH","PHL","Philippines",2016,29.7945205479452,39.5339931421669
"PH","PHL","Philippines",2017,29.4520547945205,38.4684222745568
"PH","PHL","Philippines",2018,29.4520547945205,38.9889894049231
"PH","PHL","Philippines",2019,27.9605263157895,39.571766978467
"PH","PHL","Philippines",2020,27.9605263157895,39.3816776426817
"PH","PHL","Philippines",2021,27.9605263157895,39.5506381926216
"PH","PHL","Philippines",2022,27.3311897106109,41.4438447286486
"PH","PHL","Philippines",2023,27.3311897106109,41.5194056752544
"PW","PLW","Palau",2000,0,NA
"PW","PLW","Palau",2001,0,NA
"PW","PLW","Palau",2002,0,NA
"PW","PLW","Palau",2003,0,NA
"PW","PLW","Palau",2004,0,NA
"PW","PLW","Palau",2005,0,NA
"PW","PLW","Palau",2006,0,NA
"PW","PLW","Palau",2007,0,NA
"PW","PLW","Palau",2008,0,NA
"PW","PLW","Palau",2009,0,NA
"PW","PLW","Palau",2010,0,NA
"PW","PLW","Palau",2011,0,NA
"PW","PLW","Palau",2012,0,NA
"PW","PLW","Palau",2013,0,NA
"PW","PLW","Palau",2014,0,NA
"PW","PLW","Palau",2015,0,NA
"PW","PLW","Palau",2016,12.5,NA
"PW","PLW","Palau",2017,12.5,NA
"PW","PLW","Palau",2018,12.5,NA
"PW","PLW","Palau",2019,12.5,NA
"PW","PLW","Palau",2020,6.25,NA
"PW","PLW","Palau",2021,6.25,NA
"PW","PLW","Palau",2022,6.25,NA
"PW","PLW","Palau",2023,6.25,NA
"PG","PNG","Papua New Guinea",2000,1.8348623853211,47.6605304514154
"PG","PNG","Papua New Guinea",2001,1.8348623853211,47.7784308051231
"PG","PNG","Papua New Guinea",2002,NA,47.8637927957345
"PG","PNG","Papua New Guinea",2003,0.917431192660551,47.8990751521106
"PG","PNG","Papua New Guinea",2004,0.917431192660551,47.9161887323719
"PG","PNG","Papua New Guinea",2005,0.917431192660551,47.8572757062693
"PG","PNG","Papua New Guinea",2006,0.917431192660551,47.8127457327767
"PG","PNG","Papua New Guinea",2007,0.917431192660551,47.7267395418793
"PG","PNG","Papua New Guinea",2008,0.917431192660551,47.785326344601
"PG","PNG","Papua New Guinea",2009,0.917431192660551,47.7218546186748
"PG","PNG","Papua New Guinea",2010,0.917431192660551,47.6160997422775
"PG","PNG","Papua New Guinea",2011,0.917431192660551,47.6321921700073
"PG","PNG","Papua New Guinea",2012,2.7027027027027,47.5994045195827
"PG","PNG","Papua New Guinea",2013,2.7027027027027,47.584043289159
"PG","PNG","Papua New Guinea",2014,2.7027027027027,47.4516332290622
"PG","PNG","Papua New Guinea",2015,2.7027027027027,47.4179500544264
"PG","PNG","Papua New Guinea",2016,2.7027027027027,47.4002653773005
"PG","PNG","Papua New Guinea",2017,0,47.4042054161313
"PG","PNG","Papua New Guinea",2018,0,47.4470949611983
"PG","PNG","Papua New Guinea",2019,0,47.4422986546554
"PG","PNG","Papua New Guinea",2020,0,47.4670420443155
"PG","PNG","Papua New Guinea",2021,0,47.6181159149112
"PG","PNG","Papua New Guinea",2022,1.73913043478261,47.44978368356
"PG","PNG","Papua New Guinea",2023,2.7027027027027,47.5183885769483
"PL","POL","Poland",2000,13.0434782608696,45.7419613341277
"PL","POL","Poland",2001,20.2173913043478,45.9722997686737
"PL","POL","Poland",2002,20.2173913043478,45.875183653454
"PL","POL","Poland",2003,20.2173913043478,45.8140974663463
"PL","POL","Poland",2004,20.2173913043478,45.6137563187362
"PL","POL","Poland",2005,20.4347826086957,45.3929502212288
"PL","POL","Poland",2006,20.4347826086957,45.2077007656526
"PL","POL","Poland",2007,20.4347826086957,45.1873373069124
"PL","POL","Poland",2008,20.2173913043478,45.1277154148329
"PL","POL","Poland",2009,20,45.374220208584
"PL","POL","Poland",2010,20,45.5868757210418
"PL","POL","Poland",2011,23.695652173913,45.2357132847133
"PL","POL","Poland",2012,23.695652173913,45.2299254345271
"PL","POL","Poland",2013,23.695652173913,45.1379398980311
"PL","POL","Poland",2014,24.3478260869565,45.1400019239326
"PL","POL","Poland",2015,27.3913043478261,45.1270756554163
"PL","POL","Poland",2016,27.3913043478261,45.04320994507
"PL","POL","Poland",2017,28.0434782608696,44.9448006997816
"PL","POL","Poland",2018,28.0434782608696,45.0518404763418
"PL","POL","Poland",2019,28.695652173913,44.8596736121798
"PL","POL","Poland",2020,28.695652173913,44.6915644675365
"PL","POL","Poland",2021,28.322440087146,45.1816251431597
"PL","POL","Poland",2022,28.2608695652174,45.5599195492013
"PL","POL","Poland",2023,29.3478260869565,45.8813628884705
"PR","PRI","Puerto Rico (US)",2000,NA,39.9293550712325
"PR","PRI","Puerto Rico (US)",2001,NA,40.5306480951208
"PR","PRI","Puerto Rico (US)",2002,NA,41.1421908849828
"PR","PRI","Puerto Rico (US)",2003,NA,41.533677871639
"PR","PRI","Puerto Rico (US)",2004,NA,41.0166532588835
"PR","PRI","Puerto Rico (US)",2005,NA,41.6187729046318
"PR","PRI","Puerto Rico (US)",2006,NA,42.4324106343149
"PR","PRI","Puerto Rico (US)",2007,NA,42.4231493030958
"PR","PRI","Puerto Rico (US)",2008,NA,42.6859289584875
"PR","PRI","Puerto Rico (US)",2009,NA,42.7061613391154
"PR","PRI","Puerto Rico (US)",2010,NA,42.7426927552369
"PR","PRI","Puerto Rico (US)",2011,NA,43.1557981656826
"PR","PRI","Puerto Rico (US)",2012,NA,43.4765945063322
"PR","PRI","Puerto Rico (US)",2013,NA,43.8002146580803
"PR","PRI","Puerto Rico (US)",2014,NA,44.1242232532478
"PR","PRI","Puerto Rico (US)",2015,NA,44.4903435339114
"PR","PRI","Puerto Rico (US)",2016,NA,44.868734229957
"PR","PRI","Puerto Rico (US)",2017,NA,45.2330600538834
"PR","PRI","Puerto Rico (US)",2018,NA,45.5944602607425
"PR","PRI","Puerto Rico (US)",2019,NA,46.0113865221466
"PR","PRI","Puerto Rico (US)",2020,NA,45.9629589461504
"PR","PRI","Puerto Rico (US)",2021,NA,46.054405144366
"PR","PRI","Puerto Rico (US)",2022,NA,45.8897604707728
"PR","PRI","Puerto Rico (US)",2023,NA,46.0488586789063
"KP","PRK","Korea, Dem. People's Rep.",2000,20.0873362445415,49.322314250508
"KP","PRK","Korea, Dem. People's Rep.",2001,20.0873362445415,49.2555647802851
"KP","PRK","Korea, Dem. People's Rep.",2002,20.0873362445415,49.2205793723155
"KP","PRK","Korea, Dem. People's Rep.",2003,NA,49.1805407653492
"KP","PRK","Korea, Dem. People's Rep.",2004,20.0873362445415,49.1409661386492
"KP","PRK","Korea, Dem. People's Rep.",2005,20.0873362445415,49.0829746199257
"KP","PRK","Korea, Dem. People's Rep.",2006,20.0873362445415,49.0799786322055
"KP","PRK","Korea, Dem. People's Rep.",2007,20.0873362445415,49.0768909077272
"KP","PRK","Korea, Dem. People's Rep.",2008,20.0873362445415,49.0170035307055
"KP","PRK","Korea, Dem. People's Rep.",2009,15.5749636098981,48.992757367408
"KP","PRK","Korea, Dem. People's Rep.",2010,15.5749636098981,48.9532516442974
"KP","PRK","Korea, Dem. People's Rep.",2011,15.5749636098981,48.8909559649952
"KP","PRK","Korea, Dem. People's Rep.",2012,15.5749636098981,48.8170582386021
"KP","PRK","Korea, Dem. People's Rep.",2013,15.5749636098981,48.741632870021
"KP","PRK","Korea, Dem. People's Rep.",2014,16.3027656477438,48.6631013478785
"KP","PRK","Korea, Dem. People's Rep.",2015,16.3027656477438,48.608473701858
"KP","PRK","Korea, Dem. People's Rep.",2016,16.3027656477438,48.5017296673972
"KP","PRK","Korea, Dem. People's Rep.",2017,16.3027656477438,48.4883922216631
"KP","PRK","Korea, Dem. People's Rep.",2018,16.3027656477438,48.4970295428382
"KP","PRK","Korea, Dem. People's Rep.",2019,17.6128093158661,48.4615993981085
"KP","PRK","Korea, Dem. People's Rep.",2020,17.6128093158661,48.4321957505537
"KP","PRK","Korea, Dem. People's Rep.",2021,17.6128093158661,48.4462703708489
"KP","PRK","Korea, Dem. People's Rep.",2022,17.6128093158661,48.2967205605175
"KP","PRK","Korea, Dem. People's Rep.",2023,17.6128093158661,48.257735028242
"PT","PRT","Portugal",2000,17.3913043478261,45.4024579411273
"PT","PRT","Portugal",2001,18.695652173913,45.535728678047
"PT","PRT","Portugal",2002,19.1304347826087,45.6514228767578
"PT","PRT","Portugal",2003,19.1304347826087,46.3173377384734
"PT","PRT","Portugal",2004,19.1304347826087,46.2845268186828
"PT","PRT","Portugal",2005,21.304347826087,46.9057041640887
"PT","PRT","Portugal",2006,21.304347826087,46.9947534183005
"PT","PRT","Portugal",2007,28.2608695652174,47.271907548822
"PT","PRT","Portugal",2008,28.2608695652174,47.3492632257535
"PT","PRT","Portugal",2009,27.3913043478261,47.7824987002216
"PT","PRT","Portugal",2010,27.3913043478261,48.139102998375
"PT","PRT","Portugal",2011,28.695652173913,47.7251251681277
"PT","PRT","Portugal",2012,28.695652173913,48.1215402421626
"PT","PRT","Portugal",2013,31.304347826087,48.4580318317505
"PT","PRT","Portugal",2014,31.304347826087,48.5949105422294
"PT","PRT","Portugal",2015,34.7826086956522,48.751646569873
"PT","PRT","Portugal",2016,34.7826086956522,48.6768313886285
"PT","PRT","Portugal",2017,34.7826086956522,48.7792177747715
"PT","PRT","Portugal",2018,34.7826086956522,49.0073745320185
"PT","PRT","Portugal",2019,38.695652173913,49.1093643093358
"PT","PRT","Portugal",2020,40,48.961077930539
"PT","PRT","Portugal",2021,40,49.2664767539392
"PT","PRT","Portugal",2022,36.9565217391304,49.2396453883538
"PT","PRT","Portugal",2023,36.0869565217391,49.4230374664692
"PY","PRY","Paraguay",2000,2.5,37.2679375374594
"PY","PRY","Paraguay",2001,2.5,37.3632776989928
"PY","PRY","Paraguay",2002,2.5,37.5302185889177
"PY","PRY","Paraguay",2003,8.75,38.0128237482855
"PY","PRY","Paraguay",2004,10,39.7564951099428
"PY","PRY","Paraguay",2005,10,39.5068970978165
"PY","PRY","Paraguay",2006,10,37.9482860608977
"PY","PRY","Paraguay",2007,10,39.1713301576136
"PY","PRY","Paraguay",2008,12.5,38.7158572403497
"PY","PRY","Paraguay",2009,12.5,39.5298921856577
"PY","PRY","Paraguay",2010,12.5,39.0993386071845
"PY","PRY","Paraguay",2011,12.5,40.0485120706994
"PY","PRY","Paraguay",2012,12.5,41.9607840416113
"PY","PRY","Paraguay",2013,17.5,41.2574185672379
"PY","PRY","Paraguay",2014,15,40.0141918544756
"PY","PRY","Paraguay",2015,15,40.3700021730612
"PY","PRY","Paraguay",2016,15,40.3815703173947
"PY","PRY","Paraguay",2017,13.75,40.7610498837801
"PY","PRY","Paraguay",2018,15,41.405592954601
"PY","PRY","Paraguay",2019,15,41.7082713062337
"PY","PRY","Paraguay",2020,16.25,40.8334008873242
"PY","PRY","Paraguay",2021,16.25,41.7608034569186
"PY","PRY","Paraguay",2022,17.5,41.9716209207027
"PY","PRY","Paraguay",2023,22.5,41.8940462872589
"PS","PSE","West Bank and Gaza",2000,NA,15.366298707181
"PS","PSE","West Bank and Gaza",2001,NA,13.6895563074148
"PS","PSE","West Bank and Gaza",2002,NA,14.0242639845482
"PS","PSE","West Bank and Gaza",2003,NA,16.176111095084
"PS","PSE","West Bank and Gaza",2004,NA,16.911451223081
"PS","PSE","West Bank and Gaza",2005,NA,16.6473302253368
"PS","PSE","West Bank and Gaza",2006,NA,17.6090435409521
"PS","PSE","West Bank and Gaza",2007,NA,18.992583577959
"PS","PSE","West Bank and Gaza",2008,NA,18.8673789398307
"PS","PSE","West Bank and Gaza",2009,NA,18.6475497691967
"PS","PSE","West Bank and Gaza",2010,NA,17.7482967990962
"PS","PSE","West Bank and Gaza",2011,NA,19.1233029989747
"PS","PSE","West Bank and Gaza",2012,NA,19.654987559746
"PS","PSE","West Bank and Gaza",2013,NA,19.2024796170097
"PS","PSE","West Bank and Gaza",2014,NA,19.9631210439112
"PS","PSE","West Bank and Gaza",2015,NA,20.8021325212154
"PS","PSE","West Bank and Gaza",2016,NA,20.2586836976194
"PS","PSE","West Bank and Gaza",2017,NA,20.4290627919888
"PS","PSE","West Bank and Gaza",2018,NA,20.6980990979562
"PS","PSE","West Bank and Gaza",2019,NA,21.1499844150709
"PS","PSE","West Bank and Gaza",2020,NA,20.4518221201787
"PS","PSE","West Bank and Gaza",2021,NA,20.6224984443301
"PS","PSE","West Bank and Gaza",2022,NA,21.4568403499062
"PS","PSE","West Bank and Gaza",2023,NA,NA
"PF","PYF","French Polynesia",2000,NA,40.0353545390835
"PF","PYF","French Polynesia",2001,NA,40.2722440158553
"PF","PYF","French Polynesia",2002,NA,40.4826436989299
"PF","PYF","French Polynesia",2003,NA,40.7159740003939
"PF","PYF","French Polynesia",2004,NA,40.9299850002419
"PF","PYF","French Polynesia",2005,NA,41.1611958186297
"PF","PYF","French Polynesia",2006,NA,41.3938181342209
"PF","PYF","French Polynesia",2007,NA,41.6292637069943
"PF","PYF","French Polynesia",2008,NA,41.9682908668253
"PF","PYF","French Polynesia",2009,NA,42.3266837843176
"PF","PYF","French Polynesia",2010,NA,42.6840426760476
"PF","PYF","French Polynesia",2011,NA,43.0411033609232
"PF","PYF","French Polynesia",2012,NA,43.4020430023252
"PF","PYF","French Polynesia",2013,NA,43.4730052927413
"PF","PYF","French Polynesia",2014,NA,43.5573163114256
"PF","PYF","French Polynesia",2015,NA,43.7035780905545
"PF","PYF","French Polynesia",2016,NA,43.9016396198032
"PF","PYF","French Polynesia",2017,NA,44.180271173446
"PF","PYF","French Polynesia",2018,NA,44.1085406446365
"PF","PYF","French Polynesia",2019,NA,44.0437276044985
"PF","PYF","French Polynesia",2020,NA,43.9860934679414
"PF","PYF","French Polynesia",2021,NA,44.1178673991759
"PF","PYF","French Polynesia",2022,NA,43.9976443460157
"PF","PYF","French Polynesia",2023,NA,44.1156925939462
"QA","QAT","Qatar",2000,NA,15.917560755546
"QA","QAT","Qatar",2001,NA,15.9511726152509
"QA","QAT","Qatar",2002,NA,15.8948425680156
"QA","QAT","Qatar",2003,NA,15.9380533542338
"QA","QAT","Qatar",2004,NA,15.901950616138
"QA","QAT","Qatar",2005,NA,15.445035598681
"QA","QAT","Qatar",2006,0,13.2378695786546
"QA","QAT","Qatar",2007,0,11.9397482243766
"QA","QAT","Qatar",2008,0,11.217883972573
"QA","QAT","Qatar",2009,0,11.3031556948798
"QA","QAT","Qatar",2010,0,12.1137718240649
"QA","QAT","Qatar",2011,0,12.9016473117352
"QA","QAT","Qatar",2012,0,13.3907201475886
"QA","QAT","Qatar",2013,0,13.5818299676598
"QA","QAT","Qatar",2014,0,13.4844625254264
"QA","QAT","Qatar",2015,0,13.35318448566
"QA","QAT","Qatar",2016,0,13.4632230021616
"QA","QAT","Qatar",2017,9.75609756097561,13.9401584768899
"QA","QAT","Qatar",2018,9.75609756097561,14.6003166094382
"QA","QAT","Qatar",2019,9.75609756097561,15.481902346227
"QA","QAT","Qatar",2020,9.75609756097561,16.4295080374921
"QA","QAT","Qatar",2021,4.44444444444444,17.1203433690626
"QA","QAT","Qatar",2022,4.44444444444444,17.7595036893231
"QA","QAT","Qatar",2023,4.44444444444444,17.9956813527706
"RO","ROU","Romania",2000,NA,43.5212680988757
"RO","ROU","Romania",2001,10.7246376811594,43.5878938016419
"RO","ROU","Romania",2002,10.7246376811594,43.6394331014776
"RO","ROU","Romania",2003,10.7246376811594,43.6183570364425
"RO","ROU","Romania",2004,11.4457831325301,43.6550389074995
"RO","ROU","Romania",2005,11.178247734139,43.6318817216479
"RO","ROU","Romania",2006,11.178247734139,43.6940930979098
"RO","ROU","Romania",2007,9.39393939393939,43.805517717545
"RO","ROU","Romania",2008,11.377245508982,44.0346070577655
"RO","ROU","Romania",2009,11.377245508982,43.0890325061363
"RO","ROU","Romania",2010,11.377245508982,43.5387668391099
"RO","ROU","Romania",2011,11.2121212121212,43.8268972373551
"RO","ROU","Romania",2012,13.3495145631068,43.58225072009
"RO","ROU","Romania",2013,13.3495145631068,43.471402390935
"RO","ROU","Romania",2014,13.5135135135135,43.4303026616285
"RO","ROU","Romania",2015,13.715710723192,43.2284474312868
"RO","ROU","Romania",2016,13.715710723192,43.1124341079406
"RO","ROU","Romania",2017,20.6686930091185,43.4097031666174
"RO","ROU","Romania",2018,20.6686930091185,43.1531339015388
"RO","ROU","Romania",2019,21.8844984802432,43.0064427640295
"RO","ROU","Romania",2020,21.8844984802432,42.7923742233959
"RO","ROU","Romania",2021,18.5410334346505,42.4268282469251
"RO","ROU","Romania",2022,19.0909090909091,42.7667331930603
"RO","ROU","Romania",2023,19.0909090909091,42.44651056831
"RU","RUS","Russian Federation",2000,7.70975056689342,48.3524912320601
"RU","RUS","Russian Federation",2001,7.57238307349666,48.4146850854671
"RU","RUS","Russian Federation",2002,7.57238307349666,48.8921377281841
"RU","RUS","Russian Federation",2003,7.57238307349666,49.0225095331173
"RU","RUS","Russian Federation",2004,9.84340044742729,49.1440829251253
"RU","RUS","Russian Federation",2005,9.84340044742729,49.3213067772858
"RU","RUS","Russian Federation",2006,9.84340044742729,49.5058884172368
"RU","RUS","Russian Federation",2007,14,49.4086565180588
"RU","RUS","Russian Federation",2008,14,49.0294927490435
"RU","RUS","Russian Federation",2009,14,49.1298864727634
"RU","RUS","Russian Federation",2010,14,48.8521909126351
"RU","RUS","Russian Federation",2011,13.5555555555556,48.8969624221836
"RU","RUS","Russian Federation",2012,13.5555555555556,48.8194285246288
"RU","RUS","Russian Federation",2013,13.5555555555556,48.6431406281727
"RU","RUS","Russian Federation",2014,13.5555555555556,48.5580116137656
"RU","RUS","Russian Federation",2015,13.5555555555556,48.404118497816
"RU","RUS","Russian Federation",2016,12.6666666666667,48.3863696387872
"RU","RUS","Russian Federation",2017,15.7777777777778,48.3634165711764
"RU","RUS","Russian Federation",2018,15.7777777777778,48.4624414646667
"RU","RUS","Russian Federation",2019,15.7777777777778,48.4962271074795
"RU","RUS","Russian Federation",2020,15.7777777777778,48.5941697821966
"RU","RUS","Russian Federation",2021,16.2222222222222,48.5744924281983
"RU","RUS","Russian Federation",2022,16.2222222222222,48.7434189452399
"RU","RUS","Russian Federation",2023,16.4444444444445,48.6559699089437
"RW","RWA","Rwanda",2000,25.7142857142857,45.9906529234765
"RW","RWA","Rwanda",2001,25.6756756756757,46.4894541725881
"RW","RWA","Rwanda",2002,25.6756756756757,46.8790667458738
"RW","RWA","Rwanda",2003,48.75,47.0712087165058
"RW","RWA","Rwanda",2004,48.75,47.1283923421182
"RW","RWA","Rwanda",2005,48.75,47.1303157686444
"RW","RWA","Rwanda",2006,48.75,47.09012124238
"RW","RWA","Rwanda",2007,48.75,47.0322383370606
"RW","RWA","Rwanda",2008,56.25,46.9817216169357
"RW","RWA","Rwanda",2009,56.25,46.9609832723839
"RW","RWA","Rwanda",2010,56.25,46.970019312738
"RW","RWA","Rwanda",2011,56.25,46.9978866521984
"RW","RWA","Rwanda",2012,56.25,47.0434560479429
"RW","RWA","Rwanda",2013,63.75,47.1051418813343
"RW","RWA","Rwanda",2014,63.75,47.1807061184265
"RW","RWA","Rwanda",2015,63.75,47.268875145311
"RW","RWA","Rwanda",2016,63.75,47.3779801961274
"RW","RWA","Rwanda",2017,61.25,47.5093036249274
"RW","RWA","Rwanda",2018,61.25,47.039591063122
"RW","RWA","Rwanda",2019,61.25,46.4927010150401
"RW","RWA","Rwanda",2020,61.25,47.3170477095769
"RW","RWA","Rwanda",2021,61.25,47.2309339772565
"RW","RWA","Rwanda",2022,61.25,47.4707674788239
"RW","RWA","Rwanda",2023,61.25,47.5557355208761
"SA","SAU","Saudi Arabia",2000,NA,14.5285185902987
"SA","SAU","Saudi Arabia",2001,NA,13.979057285857
"SA","SAU","Saudi Arabia",2002,NA,13.6319178537208
"SA","SAU","Saudi Arabia",2003,0,13.653583454631
"SA","SAU","Saudi Arabia",2004,0,13.6738384621736
"SA","SAU","Saudi Arabia",2005,0,13.6979577054059
"SA","SAU","Saudi Arabia",2006,0,13.7335092516244
"SA","SAU","Saudi Arabia",2007,0,13.0322500821969
"SA","SAU","Saudi Arabia",2008,0,12.4614622353769
"SA","SAU","Saudi Arabia",2009,0,11.9280528886133
"SA","SAU","Saudi Arabia",2010,0,12.1773954000458
"SA","SAU","Saudi Arabia",2011,0,12.4577136035665
"SA","SAU","Saudi Arabia",2012,0,12.3672291152002
"SA","SAU","Saudi Arabia",2013,19.8675496688742,11.8952245755358
"SA","SAU","Saudi Arabia",2014,19.8675496688742,11.7928137950101
"SA","SAU","Saudi Arabia",2015,19.8675496688742,12.1868982702545
"SA","SAU","Saudi Arabia",2016,19.8675496688742,12.6579245019617
"SA","SAU","Saudi Arabia",2017,19.8675496688742,11.4690033163069
"SA","SAU","Saudi Arabia",2018,19.8675496688742,12.8065932999797
"SA","SAU","Saudi Arabia",2019,19.8675496688742,14.0926939649272
"SA","SAU","Saudi Arabia",2020,19.8675496688742,16.7865291334423
"SA","SAU","Saudi Arabia",2021,19.8675496688742,19.3800603984167
"SA","SAU","Saudi Arabia",2022,19.8675496688742,19.2791817524259
"SA","SAU","Saudi Arabia",2023,19.8675496688742,19.0369896509199
"SD","SDN","Sudan",2000,NA,27.6950107677561
"SD","SDN","Sudan",2001,9.72222222222222,27.5654394388842
"SD","SDN","Sudan",2002,9.72222222222222,27.4435689808968
"SD","SDN","Sudan",2003,9.72222222222222,27.3294226909105
"SD","SDN","Sudan",2004,9.72222222222222,27.2419129879575
"SD","SDN","Sudan",2005,14.6666666666667,27.178046787215
"SD","SDN","Sudan",2006,17.7777777777778,27.096696904864
"SD","SDN","Sudan",2007,18.058690744921,27.0032512020402
"SD","SDN","Sudan",2008,18.058690744921,26.934149295169
"SD","SDN","Sudan",2009,18.9189189189189,27.7667352851848
"SD","SDN","Sudan",2010,25.5605381165919,28.6928761469171
"SD","SDN","Sudan",2011,24.5762711864407,29.6469812760964
"SD","SDN","Sudan",2012,24.5762711864407,28.8482430850081
"SD","SDN","Sudan",2013,24.5762711864407,28.0989754921227
"SD","SDN","Sudan",2014,24.2937853107345,27.3989725648236
"SD","SDN","Sudan",2015,30.5164319248826,26.6863793825592
"SD","SDN","Sudan",2016,30.5164319248826,25.9325102671114
"SD","SDN","Sudan",2017,30.5164319248826,25.1738058108329
"SD","SDN","Sudan",2018,30.5164319248826,24.3361635012889
"SD","SDN","Sudan",2019,NA,23.3627834541493
"SD","SDN","Sudan",2020,NA,22.212238965218
"SD","SDN","Sudan",2021,NA,21.0631004110491
"SD","SDN","Sudan",2022,NA,19.6877292713576
"SD","SDN","Sudan",2023,NA,NA
"SN","SEN","Senegal",2000,12.1428571428571,33.7225297434824
"SN","SEN","Senegal",2001,16.6666666666667,33.8944979189156
"SN","SEN","Senegal",2002,19.1666666666667,34.0338968666935
"SN","SEN","Senegal",2003,19.1666666666667,34.1184599822075
"SN","SEN","Senegal",2004,19.1666666666667,34.1691092564831
"SN","SEN","Senegal",2005,19.1666666666667,34.2119924861844
"SN","SEN","Senegal",2006,19.1666666666667,34.2424043304914
"SN","SEN","Senegal",2007,22,34.6218164920328
"SN","SEN","Senegal",2008,22,35.0163269396129
"SN","SEN","Senegal",2009,22.6666666666667,35.4315208020337
"SN","SEN","Senegal",2010,22.6666666666667,35.8666061771252
"SN","SEN","Senegal",2011,22.6666666666667,36.3192624779774
"SN","SEN","Senegal",2012,42.6666666666667,36.7871244994489
"SN","SEN","Senegal",2013,42.6666666666667,37.2131759169461
"SN","SEN","Senegal",2014,43.3333333333333,37.6023503525743
"SN","SEN","Senegal",2015,42.6666666666667,38.0125515903822
"SN","SEN","Senegal",2016,42.6666666666667,39.123531672822
"SN","SEN","Senegal",2017,41.8181818181818,38.8873761507629
"SN","SEN","Senegal",2018,41.8181818181818,37.8703794572195
"SN","SEN","Senegal",2019,41.8181818181818,36.9629630837903
"SN","SEN","Senegal",2020,43.030303030303,36.6364064185606
"SN","SEN","Senegal",2021,43.030303030303,36.4733626842367
"SN","SEN","Senegal",2022,44.2424242424242,36.1941503845714
"SN","SEN","Senegal",2023,46.0606060606061,36.2512189829326
"SG","SGP","Singapore",2000,4.3010752688172,38.8695570833918
"SG","SGP","Singapore",2001,11.7647058823529,39.258169936122
"SG","SGP","Singapore",2002,11.7647058823529,39.2013348043323
"SG","SGP","Singapore",2003,15.9574468085106,40.0188018895623
"SG","SGP","Singapore",2004,15.9574468085106,40.5121607076636
"SG","SGP","Singapore",2005,15.9574468085106,40.8443881596239
"SG","SGP","Singapore",2006,21.1764705882353,41.0079379243517
"SG","SGP","Singapore",2007,24.468085106383,39.7648968118265
"SG","SGP","Singapore",2008,24.468085106383,40.3661533549384
"SG","SGP","Singapore",2009,23.4042553191489,39.8973809839357
"SG","SGP","Singapore",2010,23.4042553191489,40.5729770001519
"SG","SGP","Singapore",2011,22.2222222222222,41.0878875816525
"SG","SGP","Singapore",2012,24.2424242424242,41.1623016582692
"SG","SGP","Singapore",2013,24.2424242424242,41.1329063061731
"SG","SGP","Singapore",2014,25.2525252525253,41.4358429352802
"SG","SGP","Singapore",2015,23.9130434782609,41.9621771217712
"SG","SGP","Singapore",2016,23.7623762376238,42.360827734999
"SG","SGP","Singapore",2017,23,42.540888951978
"SG","SGP","Singapore",2018,23,42.9709262608708
"SG","SGP","Singapore",2019,23,43.2146123427639
"SG","SGP","Singapore",2020,29.4736842105263,43.2580446509421
"SG","SGP","Singapore",2021,29.8076923076923,43.9759762065798
"SG","SGP","Singapore",2022,29.126213592233,43.5570307397825
"SG","SGP","Singapore",2023,29.126213592233,44.0142986455818
"SB","SLB","Solomon Islands",2000,2.04081632653061,47.3678979155228
"SB","SLB","Solomon Islands",2001,NA,47.4902624661079
"SB","SLB","Solomon Islands",2002,0,47.6021742428976
"SB","SLB","Solomon Islands",2003,0,47.6910723792733
"SB","SLB","Solomon Islands",2004,0,47.7841460339441
"SB","SLB","Solomon Islands",2005,0,47.8829040205132
"SB","SLB","Solomon Islands",2006,0,47.9939234685498
"SB","SLB","Solomon Islands",2007,0,48.1049762241254
"SB","SLB","Solomon Islands",2008,0,48.2032659261369
"SB","SLB","Solomon Islands",2009,0,48.2921777981175
"SB","SLB","Solomon Islands",2010,0,48.2758230526399
"SB","SLB","Solomon Islands",2011,0,48.2005850457657
"SB","SLB","Solomon Islands",2012,2,48.1451539839291
"SB","SLB","Solomon Islands",2013,2,48.0956575030056
"SB","SLB","Solomon Islands",2014,2,48.0693218846606
"SB","SLB","Solomon Islands",2015,2,48.0514712687649
"SB","SLB","Solomon Islands",2016,2,48.0301011581705
"SB","SLB","Solomon Islands",2017,2,48.0158945233497
"SB","SLB","Solomon Islands",2018,2.04081632653061,47.9995282035527
"SB","SLB","Solomon Islands",2019,4.08163265306122,48.0004996757423
"SB","SLB","Solomon Islands",2020,6.38297872340426,48.0205816671673
"SB","SLB","Solomon Islands",2021,8,48.1925490611857
"SB","SLB","Solomon Islands",2022,8,48.0035232659993
"SB","SLB","Solomon Islands",2023,8,48.0123127922808
"SL","SLE","Sierra Leone",2000,8.75,51.3643320743716
"SL","SLE","Sierra Leone",2001,8.75,51.3057916890918
"SL","SLE","Sierra Leone",2002,NA,51.2531652311701
"SL","SLE","Sierra Leone",2003,14.5161290322581,51.2070528795494
"SL","SLE","Sierra Leone",2004,14.5161290322581,50.9947373109405
"SL","SLE","Sierra Leone",2005,14.5161290322581,50.9140239269852
"SL","SLE","Sierra Leone",2006,14.5161290322581,50.8301690192992
"SL","SLE","Sierra Leone",2007,13.2231404958678,50.7482485110885
"SL","SLE","Sierra Leone",2008,13.2231404958678,50.6659203276723
"SL","SLE","Sierra Leone",2009,13.2231404958678,50.5862590306503
"SL","SLE","Sierra Leone",2010,13.2231404958678,50.5110474900626
"SL","SLE","Sierra Leone",2011,12.9032258064516,50.4337710341607
"SL","SLE","Sierra Leone",2012,12.396694214876,50.3476311604137
"SL","SLE","Sierra Leone",2013,12.396694214876,50.2566703175067
"SL","SLE","Sierra Leone",2014,12.0967741935484,50.1631449305778
"SL","SLE","Sierra Leone",2015,12.396694214876,49.6925837096971
"SL","SLE","Sierra Leone",2016,12.396694214876,49.2056923564268
"SL","SLE","Sierra Leone",2017,12.396694214876,48.7076446949594
"SL","SLE","Sierra Leone",2018,12.3287671232877,48.207148916187
"SL","SLE","Sierra Leone",2019,12.3287671232877,48.4275339222202
"SL","SLE","Sierra Leone",2020,12.3287671232877,48.4037878104424
"SL","SLE","Sierra Leone",2021,12.3287671232877,48.4589004630334
"SL","SLE","Sierra Leone",2022,12.3287671232877,48.5200267697514
"SL","SLE","Sierra Leone",2023,28.1879194630873,48.6964371888447
"SV","SLV","El Salvador",2000,9.52380952380952,39.2644868371813
"SV","SLV","El Salvador",2001,9.52380952380952,39.5421409787386
"SV","SLV","El Salvador",2002,9.52380952380952,39.8401170180729
"SV","SLV","El Salvador",2003,10.7142857142857,40.1991968493465
"SV","SLV","El Salvador",2004,10.7142857142857,39.7394097773547
"SV","SLV","El Salvador",2005,10.7142857142857,40.2509606857818
"SV","SLV","El Salvador",2006,16.6666666666667,40.7623138416149
"SV","SLV","El Salvador",2007,16.6666666666667,40.6665247079898
"SV","SLV","El Salvador",2008,16.6666666666667,40.9498792391392
"SV","SLV","El Salvador",2009,19.047619047619,41.2342083126491
"SV","SLV","El Salvador",2010,19.047619047619,41.5225934275652
"SV","SLV","El Salvador",2011,19.047619047619,41.3192185154489
"SV","SLV","El Salvador",2012,26.1904761904762,41.6866537929609
"SV","SLV","El Salvador",2013,26.1904761904762,42.2827726274874
"SV","SLV","El Salvador",2014,27.3809523809524,41.8339946449388
"SV","SLV","El Salvador",2015,32.1428571428571,41.4348104537844
"SV","SLV","El Salvador",2016,32.1428571428571,41.6795171834086
"SV","SLV","El Salvador",2017,32.1428571428571,41.2542490430016
"SV","SLV","El Salvador",2018,30.952380952381,41.240864682476
"SV","SLV","El Salvador",2019,30.952380952381,41.3901535668799
"SV","SLV","El Salvador",2020,33.3333333333333,41.2017367433866
"SV","SLV","El Salvador",2021,27.3809523809524,41.1724379863454
"SV","SLV","El Salvador",2022,27.3809523809524,41.254651042229
"SV","SLV","El Salvador",2023,27.3809523809524,42.4132206028198
"SM","SMR","San Marino",2000,13.3333333333333,NA
"SM","SMR","San Marino",2001,16.6666666666667,NA
"SM","SMR","San Marino",2002,16.6666666666667,NA
"SM","SMR","San Marino",2003,16.6666666666667,NA
"SM","SMR","San Marino",2004,16.6666666666667,NA
"SM","SMR","San Marino",2005,16.6666666666667,NA
"SM","SMR","San Marino",2006,11.6666666666667,NA
"SM","SMR","San Marino",2007,11.6666666666667,NA
"SM","SMR","San Marino",2008,15,NA
"SM","SMR","San Marino",2009,16.6666666666667,NA
"SM","SMR","San Marino",2010,16.6666666666667,NA
"SM","SMR","San Marino",2011,18.3333333333333,NA
"SM","SMR","San Marino",2012,16.6666666666667,NA
"SM","SMR","San Marino",2013,18.3333333333333,NA
"SM","SMR","San Marino",2014,18.3333333333333,NA
"SM","SMR","San Marino",2015,16.6666666666667,NA
"SM","SMR","San Marino",2016,23.3333333333333,NA
"SM","SMR","San Marino",2017,26.6666666666667,NA
"SM","SMR","San Marino",2018,26.6666666666667,NA
"SM","SMR","San Marino",2019,25,NA
"SM","SMR","San Marino",2020,33.3333333333333,NA
"SM","SMR","San Marino",2021,33.3333333333333,NA
"SM","SMR","San Marino",2022,33.3333333333333,NA
"SM","SMR","San Marino",2023,33.3333333333333,NA
"SO","SOM","Somalia, Fed. Rep.",2000,NA,31.4314302323089
"SO","SOM","Somalia, Fed. Rep.",2001,NA,31.3237899584092
"SO","SOM","Somalia, Fed. Rep.",2002,NA,31.2122357158149
"SO","SOM","Somalia, Fed. Rep.",2003,NA,31.0898809231462
"SO","SOM","Somalia, Fed. Rep.",2004,NA,30.9295399573829
"SO","SOM","Somalia, Fed. Rep.",2005,8,30.6913838881795
"SO","SOM","Somalia, Fed. Rep.",2006,7.80669144981413,30.3949633534113
"SO","SOM","Somalia, Fed. Rep.",2007,8.203125,30.1790057130549
"SO","SOM","Somalia, Fed. Rep.",2008,8.203125,30.1319642743327
"SO","SOM","Somalia, Fed. Rep.",2009,6.86456400742115,30.1721699018521
"SO","SOM","Somalia, Fed. Rep.",2010,6.77655677655678,30.2472494884836
"SO","SOM","Somalia, Fed. Rep.",2011,6.77655677655678,30.5143813359015
"SO","SOM","Somalia, Fed. Rep.",2012,13.8181818181818,30.7889670269137
"SO","SOM","Somalia, Fed. Rep.",2013,13.8181818181818,30.8624043235528
"SO","SOM","Somalia, Fed. Rep.",2014,13.8181818181818,30.9105763959869
"SO","SOM","Somalia, Fed. Rep.",2015,13.8181818181818,30.958425414756
"SO","SOM","Somalia, Fed. Rep.",2016,NA,31.0111155262041
"SO","SOM","Somalia, Fed. Rep.",2017,24.3636363636364,31.0985669078518
"SO","SOM","Somalia, Fed. Rep.",2018,24.3636363636364,31.2054438119653
"SO","SOM","Somalia, Fed. Rep.",2019,24.3636363636364,31.2863106223113
"SO","SOM","Somalia, Fed. Rep.",2020,24.3636363636364,31.2773768541922
"SO","SOM","Somalia, Fed. Rep.",2021,24.3636363636364,31.308662794046
"SO","SOM","Somalia, Fed. Rep.",2022,19.7080291970803,30.7346655975337
"SO","SOM","Somalia, Fed. Rep.",2023,19.7080291970803,30.8092893558987
"RS","SRB","Serbia",2000,NA,44.4291963167731
"RS","SRB","Serbia",2001,NA,44.512578277528
"RS","SRB","Serbia",2002,NA,44.549160957416
"RS","SRB","Serbia",2003,NA,44.5171281835604
"RS","SRB","Serbia",2004,NA,44.4639951891505
"RS","SRB","Serbia",2005,NA,44.4080776245197
"RS","SRB","Serbia",2006,12,44.3415100206483
"RS","SRB","Serbia",2007,20.4,44.842534368927
"RS","SRB","Serbia",2008,21.6,44.8949872749393
"RS","SRB","Serbia",2009,21.6,44.7911194626087
"RS","SRB","Serbia",2010,21.6,44.502330904104
"RS","SRB","Serbia",2011,22,44.2336047681538
"RS","SRB","Serbia",2012,33.2,44.2306169959433
"RS","SRB","Serbia",2013,33.2,44.4656090651919
"RS","SRB","Serbia",2014,34,44.7250369390286
"RS","SRB","Serbia",2015,34,44.6641875303749
"RS","SRB","Serbia",2016,34,45.1627526521845
"RS","SRB","Serbia",2017,34.4,45.4535947274311
"RS","SRB","Serbia",2018,34.4,45.4054514216726
"RS","SRB","Serbia",2019,37.6518218623482,45.6670636081672
"RS","SRB","Serbia",2020,38.8,45.6715915850475
"RS","SRB","Serbia",2021,39.2,46.0620147122026
"RS","SRB","Serbia",2022,36.5546218487395,46.4668985011401
"RS","SRB","Serbia",2023,34.8,46.9035619559185
"SS","SSD","South Sudan",2000,NA,50.4874352832653
"SS","SSD","South Sudan",2001,NA,50.3409911099375
"SS","SSD","South Sudan",2002,NA,50.1490970117551
"SS","SSD","South Sudan",2003,NA,49.958020374687
"SS","SSD","South Sudan",2004,NA,49.867738370671
"SS","SSD","South Sudan",2005,NA,49.8632776650316
"SS","SSD","South Sudan",2006,NA,49.888138997364
"SS","SSD","South Sudan",2007,NA,49.933992083672
"SS","SSD","South Sudan",2008,NA,49.9859389546056
"SS","SSD","South Sudan",2009,NA,50.0234044864202
"SS","SSD","South Sudan",2010,NA,50.1296506361463
"SS","SSD","South Sudan",2011,26.5060240963855,50.2536060502016
"SS","SSD","South Sudan",2012,26.5060240963855,50.2740435345437
"SS","SSD","South Sudan",2013,26.5060240963855,50.2377925812065
"SS","SSD","South Sudan",2014,26.5060240963855,50.063850472124
"SS","SSD","South Sudan",2015,26.5060240963855,49.9774188116296
"SS","SSD","South Sudan",2016,28.4595300261097,49.9313527545428
"SS","SSD","South Sudan",2017,28.4595300261097,49.7656728591064
"SS","SSD","South Sudan",2018,28.4595300261097,49.9288784092531
"SS","SSD","South Sudan",2019,28.4595300261097,50.318855880085
"SS","SSD","South Sudan",2020,28.4595300261097,50.243809547456
"SS","SSD","South Sudan",2021,32.3636363636364,50.2718636464267
"SS","SSD","South Sudan",2022,32.3636363636364,49.7184102298572
"SS","SSD","South Sudan",2023,32.3636363636364,49.5989029541191
"ST","STP","Sao Tome and Principe",2000,9.09090909090909,47.6262170029108
"ST","STP","Sao Tome and Principe",2001,9.09090909090909,48.0133917581606
"ST","STP","Sao Tome and Principe",2002,NA,48.1008403361345
"ST","STP","Sao Tome and Principe",2003,9.09090909090909,48.1368927953621
"ST","STP","Sao Tome and Principe",2004,9.09090909090909,48.1501731365045
"ST","STP","Sao Tome and Principe",2005,9.09090909090909,48.140743702519
"ST","STP","Sao Tome and Principe",2006,7.27272727272727,48.0995102500758
"ST","STP","Sao Tome and Principe",2007,1.81818181818182,48.0115078693518
"ST","STP","Sao Tome and Principe",2008,7.27272727272727,47.8984998140265
"ST","STP","Sao Tome and Principe",2009,7.27272727272727,47.8065923412506
"ST","STP","Sao Tome and Principe",2010,18.1818181818182,47.7896732904041
"ST","STP","Sao Tome and Principe",2011,18.1818181818182,47.8523100715252
"ST","STP","Sao Tome and Principe",2012,18.1818181818182,47.8081309438109
"ST","STP","Sao Tome and Principe",2013,18.1818181818182,47.6854433909649
"ST","STP","Sao Tome and Principe",2014,18.1818181818182,47.6588445677165
"ST","STP","Sao Tome and Principe",2015,18.1818181818182,47.7577190343148
"ST","STP","Sao Tome and Principe",2016,18.1818181818182,48.0050620452069
"ST","STP","Sao Tome and Principe",2017,18.1818181818182,48.3887662158432
"ST","STP","Sao Tome and Principe",2018,14.5454545454545,48.8690234322091
"ST","STP","Sao Tome and Principe",2019,14.5454545454545,49.4284954811271
"ST","STP","Sao Tome and Principe",2020,23.6363636363636,49.3841059602649
"ST","STP","Sao Tome and Principe",2021,23.6363636363636,49.67809790923
"ST","STP","Sao Tome and Principe",2022,14.5454545454545,49.4733933122486
"ST","STP","Sao Tome and Principe",2023,14.5454545454545,49.3758793067321
"SR","SUR","Suriname",2000,NA,35.1406395117421
"SR","SUR","Suriname",2001,17.6470588235294,35.3361363246042
"SR","SUR","Suriname",2002,17.6470588235294,35.5379829991628
"SR","SUR","Suriname",2003,17.6470588235294,35.7450838524479
"SR","SUR","Suriname",2004,19.6078431372549,36.0271493729271
"SR","SUR","Suriname",2005,25.4901960784314,36.3768714161405
"SR","SUR","Suriname",2006,25.4901960784314,36.7220278767668
"SR","SUR","Suriname",2007,25.4901960784314,37.0672498749508
"SR","SUR","Suriname",2008,25.4901960784314,37.4112379161494
"SR","SUR","Suriname",2009,25.4901960784314,37.7538193282848
"SR","SUR","Suriname",2010,9.80392156862745,38.1000168078859
"SR","SUR","Suriname",2011,11.7647058823529,38.4450815525092
"SR","SUR","Suriname",2012,11.7647058823529,38.7899019207384
"SR","SUR","Suriname",2013,11.7647058823529,39.1291820073635
"SR","SUR","Suriname",2014,11.7647058823529,39.4626644927343
"SR","SUR","Suriname",2015,25.4901960784314,39.79050321752
"SR","SUR","Suriname",2016,25.4901960784314,40.1270815630271
"SR","SUR","Suriname",2017,25.4901960784314,40.3464687479199
"SR","SUR","Suriname",2018,25.4901960784314,40.7595412671555
"SR","SUR","Suriname",2019,31.3725490196078,40.9251365526346
"SR","SUR","Suriname",2020,29.4117647058824,40.8803991640278
"SR","SUR","Suriname",2021,29.4117647058824,41.0904772544833
"SR","SUR","Suriname",2022,29.4117647058824,41.3679308701126
"SR","SUR","Suriname",2023,29.4117647058824,41.6499695444491
"SK","SVK","Slovak Republic",2000,14,45.8720172956091
"SK","SVK","Slovak Republic",2001,14,45.7785509369468
"SK","SVK","Slovak Republic",2002,17.3333333333333,45.5904749983545
"SK","SVK","Slovak Republic",2003,19.3333333333333,45.6109781804643
"SK","SVK","Slovak Republic",2004,16.6666666666667,45.3849547752595
"SK","SVK","Slovak Republic",2005,16.6666666666667,44.6987406482476
"SK","SVK","Slovak Republic",2006,20,44.4272529879321
"SK","SVK","Slovak Republic",2007,19.3333333333333,44.4703679200386
"SK","SVK","Slovak Republic",2008,19.3333333333333,44.4871573590247
"SK","SVK","Slovak Republic",2009,18,44.2023002759927
"SK","SVK","Slovak Republic",2010,15.3333333333333,44.52593396701
"SK","SVK","Slovak Republic",2011,16,44.1770390802371
"SK","SVK","Slovak Republic",2012,18.6666666666667,44.3008394852378
"SK","SVK","Slovak Republic",2013,18.6666666666667,44.5309999561718
"SK","SVK","Slovak Republic",2014,18.6666666666667,44.9969395615352
"SK","SVK","Slovak Republic",2015,18.6666666666667,45.0333428412505
"SK","SVK","Slovak Republic",2016,20,45.2212082179686
"SK","SVK","Slovak Republic",2017,20,45.3877112491381
"SK","SVK","Slovak Republic",2018,20,45.1659887263947
"SK","SVK","Slovak Republic",2019,20,45.2210469821035
"SK","SVK","Slovak Republic",2020,22.6666666666667,45.3837670506875
"SK","SVK","Slovak Republic",2021,22.6666666666667,46.832407760377
"SK","SVK","Slovak Republic",2022,21.3333333333333,47.0144315936728
"SK","SVK","Slovak Republic",2023,22,47.012771243853
"SI","SVN","Slovenia",2000,NA,45.996919508119
"SI","SVN","Slovenia",2001,12.2222222222222,45.6305354697104
"SI","SVN","Slovenia",2002,12.2222222222222,45.8589177658434
"SI","SVN","Slovenia",2003,12.2222222222222,45.8214739148113
"SI","SVN","Slovenia",2004,12.2222222222222,46.0473054675637
"SI","SVN","Slovenia",2005,12.2222222222222,45.7919011759527
"SI","SVN","Slovenia",2006,12.2222222222222,45.949907832753
"SI","SVN","Slovenia",2007,12.2222222222222,45.588150588669
"SI","SVN","Slovenia",2008,13.3333333333333,45.6802982129152
"SI","SVN","Slovenia",2009,14.4444444444444,45.614526608689
"SI","SVN","Slovenia",2010,14.4444444444444,45.4732817701569
"SI","SVN","Slovenia",2011,32.2222222222222,45.7644391897834
"SI","SVN","Slovenia",2012,32.2222222222222,45.9948000616842
"SI","SVN","Slovenia",2013,32.2222222222222,45.7790363802732
"SI","SVN","Slovenia",2014,35.5555555555556,46.0988697788698
"SI","SVN","Slovenia",2015,36.6666666666667,46.0610287638158
"SI","SVN","Slovenia",2016,36.6666666666667,46.483126536955
"SI","SVN","Slovenia",2017,36.6666666666667,46.2984070176804
"SI","SVN","Slovenia",2018,24.4444444444444,45.9933143231475
"SI","SVN","Slovenia",2019,27.7777777777778,45.9039168668157
"SI","SVN","Slovenia",2020,27.7777777777778,45.9634392860432
"SI","SVN","Slovenia",2021,26.6666666666667,45.7936298900004
"SI","SVN","Slovenia",2022,40,45.6051137061149
"SI","SVN","Slovenia",2023,37.7777777777778,45.6101000783936
"SE","SWE","Sweden",2000,42.6934097421203,47.7801298186903
"SE","SWE","Sweden",2001,42.6934097421203,47.6010393002408
"SE","SWE","Sweden",2002,44.9856733524355,47.7019703761131
"SE","SWE","Sweden",2003,45.2722063037249,47.7350795987052
"SE","SWE","Sweden",2004,45.2722063037249,47.6103633932578
"SE","SWE","Sweden",2005,45.2722063037249,47.4762965438503
"SE","SWE","Sweden",2006,47.2779369627507,47.4446767298173
"SE","SWE","Sweden",2007,46.9914040114613,47.4807522908728
"SE","SWE","Sweden",2008,46.9914040114613,47.408236327275
"SE","SWE","Sweden",2009,46.4183381088825,47.3844278399637
"SE","SWE","Sweden",2010,44.9856733524355,47.1437742576205
"SE","SWE","Sweden",2011,44.6991404011461,47.2932528159657
"SE","SWE","Sweden",2012,44.6991404011461,47.419447404285
"SE","SWE","Sweden",2013,44.9856733524355,47.4638419310027
"SE","SWE","Sweden",2014,44.6991404011461,47.4941089318608
"SE","SWE","Sweden",2015,43.5530085959885,47.627452196071
"SE","SWE","Sweden",2016,43.5530085959885,47.5205318516623
"SE","SWE","Sweden",2017,43.5530085959885,47.4677660950074
"SE","SWE","Sweden",2018,46.1318051575931,47.5010662576783
"SE","SWE","Sweden",2019,47.2779369627507,47.4333146951335
"SE","SWE","Sweden",2020,46.9914040114613,47.1550707439258
"SE","SWE","Sweden",2021,46.9914040114613,47.2148844692211
"SE","SWE","Sweden",2022,46.4183381088825,47.1783020117648
"SE","SWE","Sweden",2023,46.4183381088825,47.3744517467357
"SZ","SWZ","Eswatini",2000,3.07692307692308,44.034129976622
"SZ","SWZ","Eswatini",2001,3.07692307692308,44.5152351959888
"SZ","SWZ","Eswatini",2002,3.07692307692308,44.9847281234624
"SZ","SWZ","Eswatini",2003,10.7692307692308,45.4311548698392
"SZ","SWZ","Eswatini",2004,10.7692307692308,45.8357014160127
"SZ","SWZ","Eswatini",2005,10.7692307692308,46.187066303687
"SZ","SWZ","Eswatini",2006,10.7692307692308,46.5095488431495
"SZ","SWZ","Eswatini",2007,10.7692307692308,46.7956597171171
"SZ","SWZ","Eswatini",2008,13.8461538461538,47.0133716625289
"SZ","SWZ","Eswatini",2009,13.6363636363636,47.1838740945094
"SZ","SWZ","Eswatini",2010,13.6363636363636,47.3215323675936
"SZ","SWZ","Eswatini",2011,13.6363636363636,47.4181209993574
"SZ","SWZ","Eswatini",2012,13.6363636363636,47.4696564492903
"SZ","SWZ","Eswatini",2013,6.15384615384615,47.5076512832944
"SZ","SWZ","Eswatini",2014,6.15384615384615,47.5647052083362
"SZ","SWZ","Eswatini",2015,6.15384615384615,47.6409221886452
"SZ","SWZ","Eswatini",2016,6.15384615384615,47.7155256550466
"SZ","SWZ","Eswatini",2017,6.15384615384615,47.9057181891738
"SZ","SWZ","Eswatini",2018,7.2463768115942,48.1594245919684
"SZ","SWZ","Eswatini",2019,7.2463768115942,48.4314531230494
"SZ","SWZ","Eswatini",2020,9.58904109589041,48.3420176937901
"SZ","SWZ","Eswatini",2021,9.58904109589041,48.5884568719128
"SZ","SWZ","Eswatini",2022,13.5135135135135,48.2018924337131
"SZ","SWZ","Eswatini",2023,17.1428571428571,48.4983950670436
"SX","SXM","Sint Maarten (Dutch part)",2000,NA,NA
"SX","SXM","Sint Maarten (Dutch part)",2001,NA,NA
"SX","SXM","Sint Maarten (Dutch part)",2002,NA,NA
"SX","SXM","Sint Maarten (Dutch part)",2003,NA,NA
"SX","SXM","Sint Maarten (Dutch part)",2004,NA,NA
"SX","SXM","Sint Maarten (Dutch part)",2005,NA,NA
"SX","SXM","Sint Maarten (Dutch part)",2006,NA,NA
"SX","SXM","Sint Maarten (Dutch part)",2007,NA,NA
"SX","SXM","Sint Maarten (Dutch part)",2008,NA,NA
"SX","SXM","Sint Maarten (Dutch part)",2009,NA,NA
"SX","SXM","Sint Maarten (Dutch part)",2010,NA,NA
"SX","SXM","Sint Maarten (Dutch part)",2011,NA,NA
"SX","SXM","Sint Maarten (Dutch part)",2012,NA,NA
"SX","SXM","Sint Maarten (Dutch part)",2013,NA,NA
"SX","SXM","Sint Maarten (Dutch part)",2014,NA,NA
"SX","SXM","Sint Maarten (Dutch part)",2015,NA,NA
"SX","SXM","Sint Maarten (Dutch part)",2016,NA,NA
"SX","SXM","Sint Maarten (Dutch part)",2017,NA,NA
"SX","SXM","Sint Maarten (Dutch part)",2018,NA,NA
"SX","SXM","Sint Maarten (Dutch part)",2019,NA,NA
"SX","SXM","Sint Maarten (Dutch part)",2020,NA,NA
"SX","SXM","Sint Maarten (Dutch part)",2021,NA,NA
"SX","SXM","Sint Maarten (Dutch part)",2022,NA,NA
"SX","SXM","Sint Maarten (Dutch part)",2023,NA,NA
"SC","SYC","Seychelles",2000,23.5294117647059,NA
"SC","SYC","Seychelles",2001,23.5294117647059,NA
"SC","SYC","Seychelles",2002,29.4117647058824,NA
"SC","SYC","Seychelles",2003,29.4117647058824,NA
"SC","SYC","Seychelles",2004,29.4117647058824,NA
"SC","SYC","Seychelles",2005,29.4117647058824,NA
"SC","SYC","Seychelles",2006,29.4117647058824,NA
"SC","SYC","Seychelles",2007,23.5294117647059,NA
"SC","SYC","Seychelles",2008,23.5294117647059,NA
"SC","SYC","Seychelles",2009,23.5294117647059,NA
"SC","SYC","Seychelles",2010,23.5294117647059,NA
"SC","SYC","Seychelles",2011,43.75,NA
"SC","SYC","Seychelles",2012,43.75,NA
"SC","SYC","Seychelles",2013,43.75,NA
"SC","SYC","Seychelles",2014,43.75,NA
"SC","SYC","Seychelles",2015,43.75,NA
"SC","SYC","Seychelles",2016,21.2121212121212,NA
"SC","SYC","Seychelles",2017,21.2121212121212,NA
"SC","SYC","Seychelles",2018,21.2121212121212,NA
"SC","SYC","Seychelles",2019,21.2121212121212,NA
"SC","SYC","Seychelles",2020,24.2424242424242,NA
"SC","SYC","Seychelles",2021,22.8571428571429,NA
"SC","SYC","Seychelles",2022,22.8571428571429,NA
"SC","SYC","Seychelles",2023,22.8571428571429,NA
"SY","SYR","Syrian Arab Republic",2000,10.4,20.5082568378763
"SY","SYR","Syrian Arab Republic",2001,10.4,20.2540865415392
"SY","SYR","Syrian Arab Republic",2002,10.4,20.0101796459123
"SY","SYR","Syrian Arab Republic",2003,12,19.7753878344602
"SY","SYR","Syrian Arab Republic",2004,12,18.7593008064755
"SY","SYR","Syrian Arab Republic",2005,12,17.7624205046688
"SY","SYR","Syrian Arab Republic",2006,12,16.7970430433179
"SY","SYR","Syrian Arab Republic",2007,12,16.0593739781448
"SY","SYR","Syrian Arab Republic",2008,12.4,15.713396587874
"SY","SYR","Syrian Arab Republic",2009,12.4,15.3773580353365
"SY","SYR","Syrian Arab Republic",2010,12.4,15.191318426322
"SY","SYR","Syrian Arab Republic",2011,12.4,17.198002980687
"SY","SYR","Syrian Arab Republic",2012,12,17.2306921848018
"SY","SYR","Syrian Arab Republic",2013,12,17.2992330933831
"SY","SYR","Syrian Arab Republic",2014,12,17.0795750908087
"SY","SYR","Syrian Arab Republic",2015,12.4,17.0301160390492
"SY","SYR","Syrian Arab Republic",2016,13.2,17.1686952906668
"SY","SYR","Syrian Arab Republic",2017,13.2,17.3732963666343
"SY","SYR","Syrian Arab Republic",2018,13.2,17.6365264100269
"SY","SYR","Syrian Arab Republic",2019,13.2,17.9437398575561
"SY","SYR","Syrian Arab Republic",2020,11.2,17.8742715640698
"SY","SYR","Syrian Arab Republic",2021,11.2,17.8704071974489
"SY","SYR","Syrian Arab Republic",2022,11.2,17.6429327531231
"SY","SYR","Syrian Arab Republic",2023,10.8,17.5244273203251
"TC","TCA","Turks and Caicos Islands",2000,NA,NA
"TC","TCA","Turks and Caicos Islands",2001,NA,NA
"TC","TCA","Turks and Caicos Islands",2002,NA,NA
"TC","TCA","Turks and Caicos Islands",2003,NA,NA
"TC","TCA","Turks and Caicos Islands",2004,NA,NA
"TC","TCA","Turks and Caicos Islands",2005,NA,NA
"TC","TCA","Turks and Caicos Islands",2006,NA,NA
"TC","TCA","Turks and Caicos Islands",2007,NA,NA
"TC","TCA","Turks and Caicos Islands",2008,NA,NA
"TC","TCA","Turks and Caicos Islands",2009,NA,NA
"TC","TCA","Turks and Caicos Islands",2010,NA,NA
"TC","TCA","Turks and Caicos Islands",2011,NA,NA
"TC","TCA","Turks and Caicos Islands",2012,NA,NA
"TC","TCA","Turks and Caicos Islands",2013,NA,NA
"TC","TCA","Turks and Caicos Islands",2014,NA,NA
"TC","TCA","Turks and Caicos Islands",2015,NA,NA
"TC","TCA","Turks and Caicos Islands",2016,NA,NA
"TC","TCA","Turks and Caicos Islands",2017,NA,NA
"TC","TCA","Turks and Caicos Islands",2018,NA,NA
"TC","TCA","Turks and Caicos Islands",2019,NA,NA
"TC","TCA","Turks and Caicos Islands",2020,NA,NA
"TC","TCA","Turks and Caicos Islands",2021,NA,NA
"TC","TCA","Turks and Caicos Islands",2022,NA,NA
"TC","TCA","Turks and Caicos Islands",2023,NA,NA
"TD","TCD","Chad",2000,2.4,44.6612376174362
"TD","TCD","Chad",2001,2.4,44.4535348547434
"TD","TCD","Chad",2002,NA,44.2376899095627
"TD","TCD","Chad",2003,5.80645161290323,44.0088749262256
"TD","TCD","Chad",2004,6.45161290322581,43.7725805720436
"TD","TCD","Chad",2005,6.45161290322581,43.5469344656631
"TD","TCD","Chad",2006,6.45161290322581,43.3331987123642
"TD","TCD","Chad",2007,5.16129032258065,43.1230889655996
"TD","TCD","Chad",2008,5.16129032258065,42.9041385965086
"TD","TCD","Chad",2009,5.16129032258065,42.6809251165291
"TD","TCD","Chad",2010,5.16129032258065,42.4598700850444
"TD","TCD","Chad",2011,12.7659574468085,42.2372073906178
"TD","TCD","Chad",2012,14.8936170212766,42.0144988003371
"TD","TCD","Chad",2013,14.8936170212766,41.7931006611817
"TD","TCD","Chad",2014,14.8936170212766,41.5750158676198
"TD","TCD","Chad",2015,14.8936170212766,41.364104084401
"TD","TCD","Chad",2016,14.8936170212766,41.1524090155762
"TD","TCD","Chad",2017,12.7659574468085,40.9415517252337
"TD","TCD","Chad",2018,15.2542372881356,40.7314028408989
"TD","TCD","Chad",2019,14.8809523809524,40.7623345954946
"TD","TCD","Chad",2020,15.4320987654321,40.750034247753
"TD","TCD","Chad",2021,32.258064516129,40.808472412481
"TD","TCD","Chad",2022,25.8883248730964,40.3392543744394
"TD","TCD","Chad",2023,25.8883248730965,40.2849527547571
"TG","TGO","Togo",2000,4.93827160493827,47.6210499209491
"TG","TGO","Togo",2001,4.93827160493827,47.688473421925
"TG","TGO","Togo",2002,4.93827160493827,47.7320072796922
"TG","TGO","Togo",2003,7.40740740740741,47.7725199960918
"TG","TGO","Togo",2004,6.17283950617284,47.821206356858
"TG","TGO","Togo",2005,7.40740740740741,47.8614849921011
"TG","TGO","Togo",2006,8.64197530864197,47.9147765216884
"TG","TGO","Togo",2007,11.1111111111111,47.9560002817078
"TG","TGO","Togo",2008,11.1111111111111,47.9649422356254
"TG","TGO","Togo",2009,11.1111111111111,47.9489235316458
"TG","TGO","Togo",2010,11.1111111111111,47.8968226044093
"TG","TGO","Togo",2011,11.1111111111111,47.8446120088791
"TG","TGO","Togo",2012,11.1111111111111,47.8117651546847
"TG","TGO","Togo",2013,15.3846153846154,47.8022415330434
"TG","TGO","Togo",2014,17.5824175824176,47.8123757680242
"TG","TGO","Togo",2015,17.5824175824176,47.8379877836734
"TG","TGO","Togo",2016,17.5824175824176,47.8732878924745
"TG","TGO","Togo",2017,17.5824175824176,47.9221443258179
"TG","TGO","Togo",2018,17.5824175824176,47.983371576488
"TG","TGO","Togo",2019,16.4835164835165,48.0539550080579
"TG","TGO","Togo",2020,18.6813186813187,48.030578699758
"TG","TGO","Togo",2021,18.6813186813187,48.063918585614
"TG","TGO","Togo",2022,18.6813186813187,48.3499893434992
"TG","TGO","Togo",2023,19.7802197802198,48.5561737980616
"TH","THA","Thailand",2000,4.81283422459893,45.5790930889458
"TH","THA","Thailand",2001,9.2,45.3256219933103
"TH","THA","Thailand",2002,9.2,45.4153226298287
"TH","THA","Thailand",2003,9.2,45.5055660453706
"TH","THA","Thailand",2004,8.83002207505519,45.3818150557101
"TH","THA","Thailand",2005,10.6,45.6630699231387
"TH","THA","Thailand",2006,8.67768595041322,45.3422539624895
"TH","THA","Thailand",2007,11.7400419287212,45.4701291786379
"TH","THA","Thailand",2008,11.6666666666667,45.5131983989234
"TH","THA","Thailand",2009,13.3192389006343,45.4015762426191
"TH","THA","Thailand",2010,13.3192389006343,45.4705491707916
"TH","THA","Thailand",2011,15.8,46.0053145562825
"TH","THA","Thailand",2012,15.8,45.7716350108206
"TH","THA","Thailand",2013,15.8,45.2610438548394
"TH","THA","Thailand",2014,6.09137055837564,45.1633466406612
"TH","THA","Thailand",2015,6.09137055837564,45.2597832615223
"TH","THA","Thailand",2016,6.09137055837564,45.2534179250017
"TH","THA","Thailand",2017,4.8,45.1985078677574
"TH","THA","Thailand",2018,5.28455284552846,45.2244518811746
"TH","THA","Thailand",2019,16.2,45.3368307376041
"TH","THA","Thailand",2020,15.7464212678937,45.4904506497344
"TH","THA","Thailand",2021,15.7464212678937,45.6435884456132
"TH","THA","Thailand",2022,15.7464212678937,45.8399149382038
"TH","THA","Thailand",2023,18.8376753507014,46.0176001960906
"TJ","TJK","Tajikistan",2000,15,42.4452028607807
"TJ","TJK","Tajikistan",2001,12.6984126984127,42.4618531623176
"TJ","TJK","Tajikistan",2002,12.6984126984127,42.4770997472347
"TJ","TJK","Tajikistan",2003,12.6984126984127,42.4971119919731
"TJ","TJK","Tajikistan",2004,12.6984126984127,41.561827650383
"TJ","TJK","Tajikistan",2005,17.4603174603175,40.5883869224109
"TJ","TJK","Tajikistan",2006,17.4603174603175,39.5746938576377
"TJ","TJK","Tajikistan",2007,17.4603174603175,38.533115100589
"TJ","TJK","Tajikistan",2008,17.4603174603175,37.4703269915578
"TJ","TJK","Tajikistan",2009,17.4603174603175,36.3836773567829
"TJ","TJK","Tajikistan",2010,19.047619047619,35.6139345184325
"TJ","TJK","Tajikistan",2011,19.047619047619,34.8360731164173
"TJ","TJK","Tajikistan",2012,19.047619047619,33.9614407632485
"TJ","TJK","Tajikistan",2013,19.047619047619,33.0037787241381
"TJ","TJK","Tajikistan",2014,16.9491525423729,32.0544958575908
"TJ","TJK","Tajikistan",2015,19.047619047619,31.1013765791752
"TJ","TJK","Tajikistan",2016,19.047619047619,30.1550175077286
"TJ","TJK","Tajikistan",2017,19.047619047619,29.6673514903349
"TJ","TJK","Tajikistan",2018,19.047619047619,29.1896436970315
"TJ","TJK","Tajikistan",2019,19.047619047619,28.7757842937596
"TJ","TJK","Tajikistan",2020,23.8095238095238,28.7867667220174
"TJ","TJK","Tajikistan",2021,23.8095238095238,28.7284031248894
"TJ","TJK","Tajikistan",2022,26.984126984127,29.2458125833972
"TJ","TJK","Tajikistan",2023,26.984126984127,29.4119730331785
"TM","TKM","Turkmenistan",2000,26,48.2321797124637
"TM","TKM","Turkmenistan",2001,26,48.1891378751992
"TM","TKM","Turkmenistan",2002,26,48.2571376169224
"TM","TKM","Turkmenistan",2003,26,48.2417016947783
"TM","TKM","Turkmenistan",2004,NA,48.1833018730942
"TM","TKM","Turkmenistan",2005,16,47.9367646206457
"TM","TKM","Turkmenistan",2006,16,47.759196592876
"TM","TKM","Turkmenistan",2007,16,47.597439341545
"TM","TKM","Turkmenistan",2008,NA,47.3971536529112
"TM","TKM","Turkmenistan",2009,16.8,47.3542890156551
"TM","TKM","Turkmenistan",2010,16.8,47.2739741431505
"TM","TKM","Turkmenistan",2011,16.8,47.1520649082383
"TM","TKM","Turkmenistan",2012,16.8,47.1016683165259
"TM","TKM","Turkmenistan",2013,16.8,47.0830453921394
"TM","TKM","Turkmenistan",2014,26.4,47.0870645955546
"TM","TKM","Turkmenistan",2015,25.8064516129032,47.1116308195766
"TM","TKM","Turkmenistan",2016,25.8064516129032,47.139050348717
"TM","TKM","Turkmenistan",2017,25.8064516129032,47.1654360007799
"TM","TKM","Turkmenistan",2018,24.8,47.1891575857469
"TM","TKM","Turkmenistan",2019,25,47.2078628555062
"TM","TKM","Turkmenistan",2020,25,47.1030523260938
"TM","TKM","Turkmenistan",2021,25,47.2089385077599
"TM","TKM","Turkmenistan",2022,25.8620689655172,47.2814416074153
"TM","TKM","Turkmenistan",2023,25.6,47.2558462221389
"TL","TLS","Timor-Leste",2000,NA,44.7435445713998
"TL","TLS","Timor-Leste",2001,NA,44.7180147047452
"TL","TLS","Timor-Leste",2002,26.1363636363636,44.7453122609381
"TL","TLS","Timor-Leste",2003,26.1363636363636,44.768442356812
"TL","TLS","Timor-Leste",2004,25.2873563218391,44.7713455705624
"TL","TLS","Timor-Leste",2005,25.2873563218391,44.7806754373783
"TL","TLS","Timor-Leste",2006,25.2873563218391,44.854932252561
"TL","TLS","Timor-Leste",2007,29.2307692307692,44.8663426488457
"TL","TLS","Timor-Leste",2008,29.2307692307692,44.8993424405039
"TL","TLS","Timor-Leste",2009,29.2307692307692,44.9575091767299
"TL","TLS","Timor-Leste",2010,29.2307692307692,45.0341303693822
"TL","TLS","Timor-Leste",2011,32.3076923076923,45.1152622035977
"TL","TLS","Timor-Leste",2012,38.4615384615385,45.1984989837331
"TL","TLS","Timor-Leste",2013,38.4615384615385,45.2867774510396
"TL","TLS","Timor-Leste",2014,38.4615384615385,45.3870745787743
"TL","TLS","Timor-Leste",2015,38.4615384615385,45.476055580238
"TL","TLS","Timor-Leste",2016,38.4615384615385,45.5225608778524
"TL","TLS","Timor-Leste",2017,32.3076923076923,45.5356168292127
"TL","TLS","Timor-Leste",2018,33.8461538461538,45.5520703799254
"TL","TLS","Timor-Leste",2019,38.4615384615385,45.6062729262297
"TL","TLS","Timor-Leste",2020,38.4615384615385,45.6061006914403
"TL","TLS","Timor-Leste",2021,38.4615384615385,45.831607505281
"TL","TLS","Timor-Leste",2022,40,45.765268840016
"TL","TLS","Timor-Leste",2023,36.9230769230769,45.4728127902545
"TO","TON","Tonga",2000,0,38.3899676375405
"TO","TON","Tonga",2001,0,38.4281115879828
"TO","TON","Tonga",2002,NA,38.4664724590427
"TO","TON","Tonga",2003,0,38.4978403455447
"TO","TON","Tonga",2004,0,38.5373126381087
"TO","TON","Tonga",2005,3.44827586206897,38.5994785292396
"TO","TON","Tonga",2006,3.33333333333333,38.6707109408259
"TO","TON","Tonga",2007,3.33333333333333,38.7808764940239
"TO","TON","Tonga",2008,3.125,38.9637552619735
"TO","TON","Tonga",2009,3.125,39.1755846214824
"TO","TON","Tonga",2010,0,39.416501650165
"TO","TON","Tonga",2011,3.57142857142857,39.6881194661028
"TO","TON","Tonga",2012,3.57142857142857,39.9044966175885
"TO","TON","Tonga",2013,3.57142857142857,40.0469571249433
"TO","TON","Tonga",2014,0,40.2219475494411
"TO","TON","Tonga",2015,0,40.4373951171981
"TO","TON","Tonga",2016,0,40.6790763687974
"TO","TON","Tonga",2017,7.69230769230769,40.9870714501386
"TO","TON","Tonga",2018,7.40740740740741,41.3937243901768
"TO","TON","Tonga",2019,7.40740740740741,42.1745382147992
"TO","TON","Tonga",2020,7.40740740740741,43.0218173639226
"TO","TON","Tonga",2021,0,44.127074173876
"TO","TON","Tonga",2022,3.7037037037037,45.1069587999885
"TO","TON","Tonga",2023,7.14285714285714,46.2800457840519
"TT","TTO","Trinidad and Tobago",2000,NA,39.0161178295781
"TT","TTO","Trinidad and Tobago",2001,11.1111111111111,39.3767303074063
"TT","TTO","Trinidad and Tobago",2002,19.4444444444444,39.7345555147324
"TT","TTO","Trinidad and Tobago",2003,19.4444444444444,40.551599693792
"TT","TTO","Trinidad and Tobago",2004,19.4444444444444,41.3384470928983
"TT","TTO","Trinidad and Tobago",2005,19.4444444444444,42.1018629314538
"TT","TTO","Trinidad and Tobago",2006,19.4444444444444,42.3510367094703
"TT","TTO","Trinidad and Tobago",2007,26.8292682926829,41.5628024455303
"TT","TTO","Trinidad and Tobago",2008,26.8292682926829,42.1943805346718
"TT","TTO","Trinidad and Tobago",2009,26.8292682926829,41.5521021007695
"TT","TTO","Trinidad and Tobago",2010,28.5714285714286,41.6624137858995
"TT","TTO","Trinidad and Tobago",2011,28.5714285714286,41.472819330078
"TT","TTO","Trinidad and Tobago",2012,28.5714285714286,42.3592130464587
"TT","TTO","Trinidad and Tobago",2013,28.5714285714286,42.3972436536499
"TT","TTO","Trinidad and Tobago",2014,28.5714285714286,42.6008656703874
"TT","TTO","Trinidad and Tobago",2015,30.952380952381,42.045084117942
"TT","TTO","Trinidad and Tobago",2016,30.952380952381,42.7128501795527
"TT","TTO","Trinidad and Tobago",2017,30.952380952381,42.8059785673999
"TT","TTO","Trinidad and Tobago",2018,30.952380952381,42.6684303613097
"TT","TTO","Trinidad and Tobago",2019,30.952380952381,42.6719062823289
"TT","TTO","Trinidad and Tobago",2020,26.1904761904762,42.820132836795
"TT","TTO","Trinidad and Tobago",2021,26.1904761904762,43.1732156152938
"TT","TTO","Trinidad and Tobago",2022,26.1904761904762,43.6123239766495
"TT","TTO","Trinidad and Tobago",2023,28.5714285714286,42.9346337351936
"TN","TUN","Tunisia",2000,11.5384615384615,24.6663747318154
"TN","TUN","Tunisia",2001,11.5384615384615,24.8914226368027
"TN","TUN","Tunisia",2002,11.5384615384615,25.1302622705767
"TN","TUN","Tunisia",2003,11.5384615384615,25.3812345071289
"TN","TUN","Tunisia",2004,22.7513227513228,25.6246945431407
"TN","TUN","Tunisia",2005,22.7513227513228,25.853671094635
"TN","TUN","Tunisia",2006,22.7513227513228,26.5065475757223
"TN","TUN","Tunisia",2007,22.7513227513228,26.5531480663352
"TN","TUN","Tunisia",2008,22.7513227513228,26.721743103961
"TN","TUN","Tunisia",2009,27.5700934579439,26.5238265899787
"TN","TUN","Tunisia",2010,27.5700934579439,26.4321886916174
"TN","TUN","Tunisia",2011,26.7281105990783,26.3261676815408
"TN","TUN","Tunisia",2012,26.7281105990783,26.8784688729038
"TN","TUN","Tunisia",2013,26.7281105990783,27.0484771230661
"TN","TUN","Tunisia",2014,31.3364055299539,27.4798300432546
"TN","TUN","Tunisia",2015,31.3364055299539,27.9387543493594
"TN","TUN","Tunisia",2016,31.3364055299539,28.4464179229045
"TN","TUN","Tunisia",2017,31.3364055299539,28.4274057508603
"TN","TUN","Tunisia",2018,31.3364055299539,28.7461753716103
"TN","TUN","Tunisia",2019,22.5806451612903,29.0630611177392
"TN","TUN","Tunisia",2020,24.8847926267281,29.5095665415037
"TN","TUN","Tunisia",2021,26.2672811059908,30.1950952415073
"TN","TUN","Tunisia",2022,26.2672811059908,30.3539318077917
"TN","TUN","Tunisia",2023,16.2337662337662,29.9536959484962
"TR","TUR","Turkiye",2000,4.18181818181818,26.6307475013056
"TR","TUR","Turkiye",2001,4.18181818181818,27.2934913069224
"TR","TUR","Turkiye",2002,NA,28.2262591217277
"TR","TUR","Turkiye",2003,4.36363636363636,27.594518980019
"TR","TUR","Turkiye",2004,4.36363636363636,25.1151199435742
"TR","TUR","Turkiye",2005,4.36363636363636,25.0292265699882
"TR","TUR","Turkiye",2006,4.36363636363636,25.4628955396477
"TR","TUR","Turkiye",2007,9.10746812386157,25.5193353036139
"TR","TUR","Turkiye",2008,9.10746812386157,26.1008288550347
"TR","TUR","Turkiye",2009,9.10746812386157,27.149508966696
"TR","TUR","Turkiye",2010,9.10746812386157,28.2350452827293
"TR","TUR","Turkiye",2011,14.1818181818182,28.8312848014521
"TR","TUR","Turkiye",2012,14.1818181818182,29.5140154007141
"TR","TUR","Turkiye",2013,14.4160583941606,30.278014096127
"TR","TUR","Turkiye",2014,14.4160583941606,30.0098503078391
"TR","TUR","Turkiye",2015,14.9090909090909,30.7732681673359
"TR","TUR","Turkiye",2016,14.9090909090909,31.2985475687558
"TR","TUR","Turkiye",2017,14.5719489981785,31.9116975527027
"TR","TUR","Turkiye",2018,17.4496644295302,32.2424355619722
"TR","TUR","Turkiye",2019,17.4496644295302,32.5686265423637
"TR","TUR","Turkiye",2020,17.3174872665535,31.427985883351
"TR","TUR","Turkiye",2021,17.3333333333333,32.0955466642628
"TR","TUR","Turkiye",2022,17.3539518900344,33.2107714375806
"TR","TUR","Turkiye",2023,19.8333333333333,33.7733158299225
"TV","TUV","Tuvalu",2000,0,NA
"TV","TUV","Tuvalu",2001,0,NA
"TV","TUV","Tuvalu",2002,NA,NA
"TV","TUV","Tuvalu",2003,0,NA
"TV","TUV","Tuvalu",2004,0,NA
"TV","TUV","Tuvalu",2005,0,NA
"TV","TUV","Tuvalu",2006,0,NA
"TV","TUV","Tuvalu",2007,0,NA
"TV","TUV","Tuvalu",2008,0,NA
"TV","TUV","Tuvalu",2009,0,NA
"TV","TUV","Tuvalu",2010,0,NA
"TV","TUV","Tuvalu",2011,6.66666666666667,NA
"TV","TUV","Tuvalu",2012,6.66666666666667,NA
"TV","TUV","Tuvalu",2013,6.66666666666667,NA
"TV","TUV","Tuvalu",2014,6.66666666666667,NA
"TV","TUV","Tuvalu",2015,6.66666666666667,NA
"TV","TUV","Tuvalu",2016,6.66666666666667,NA
"TV","TUV","Tuvalu",2017,6.66666666666667,NA
"TV","TUV","Tuvalu",2018,6.66666666666667,NA
"TV","TUV","Tuvalu",2019,6.25,NA
"TV","TUV","Tuvalu",2020,6.25,NA
"TV","TUV","Tuvalu",2021,6.25,NA
"TV","TUV","Tuvalu",2022,6.25,NA
"TV","TUV","Tuvalu",2023,6.25,NA
"TZ","TZA","Tanzania",2000,NA,49.5599032352847
"TZ","TZA","Tanzania",2001,22.2627737226277,49.5894386241258
"TZ","TZA","Tanzania",2002,22.2627737226277,49.7698116802079
"TZ","TZA","Tanzania",2003,21.3559322033898,49.9407366254354
"TZ","TZA","Tanzania",2004,21.3559322033898,50.10633994534
"TZ","TZA","Tanzania",2005,30.4075235109718,50.2625142573078
"TZ","TZA","Tanzania",2006,30.4075235109718,50.4131012963507
"TZ","TZA","Tanzania",2007,30.4075235109718,50.3052706702963
"TZ","TZA","Tanzania",2008,30.4075235109718,50.2038824662157
"TZ","TZA","Tanzania",2009,30.6501547987616,50.151849327512
"TZ","TZA","Tanzania",2010,NA,50.0575148844297
"TZ","TZA","Tanzania",2011,36,49.8639832102461
"TZ","TZA","Tanzania",2012,36,49.6326428539024
"TZ","TZA","Tanzania",2013,36,49.3608101471037
"TZ","TZA","Tanzania",2014,36,49.0692565495683
"TZ","TZA","Tanzania",2015,36,49.02580253247
"TZ","TZA","Tanzania",2016,36.5591397849462,48.9540080190674
"TZ","TZA","Tanzania",2017,37.1794871794872,48.9087313004635
"TZ","TZA","Tanzania",2018,37.1794871794872,48.9146548006375
"TZ","TZA","Tanzania",2019,36.8956743002545,48.9652824834493
"TZ","TZA","Tanzania",2020,36.71875,48.9841135260105
"TZ","TZA","Tanzania",2021,36.8556701030928,49.117814311878
"TZ","TZA","Tanzania",2022,36.8556701030928,48.9989868021225
"TZ","TZA","Tanzania",2023,37.4045801526718,49.0347393586017
"UG","UGA","Uganda",2000,17.7935943060498,49.4962458751341
"UG","UGA","Uganda",2001,24.6710526315789,49.4515836661935
"UG","UGA","Uganda",2002,24.6710526315789,49.4350604003447
"UG","UGA","Uganda",2003,24.6710526315789,49.424880038764
"UG","UGA","Uganda",2004,23.9344262295082,49.4094826654974
"UG","UGA","Uganda",2005,23.9344262295082,49.3935081046367
"UG","UGA","Uganda",2006,29.8192771084337,49.3986794052386
"UG","UGA","Uganda",2007,30.7228915662651,49.4053961750193
"UG","UGA","Uganda",2008,30.7228915662651,49.4248185122873
"UG","UGA","Uganda",2009,31.4814814814815,49.4484434811958
"UG","UGA","Uganda",2010,31.2883435582822,49.4788005914858
"UG","UGA","Uganda",2011,34.9740932642487,49.8787088216634
"UG","UGA","Uganda",2012,34.9740932642487,48.0415866292002
"UG","UGA","Uganda",2013,34.9740932642487,49.667677859048
"UG","UGA","Uganda",2014,34.9740932642487,50.1899377985237
"UG","UGA","Uganda",2015,34.9740932642487,49.941288710264
"UG","UGA","Uganda",2016,33.4894613583138,49.655137199854
"UG","UGA","Uganda",2017,34.2984409799555,49.3340853305156
"UG","UGA","Uganda",2018,34.2984409799555,48.9994555271782
"UG","UGA","Uganda",2019,34.8583877995643,48.8589665908278
"UG","UGA","Uganda",2020,34.8583877995643,48.4460203898465
"UG","UGA","Uganda",2021,33.8129496402878,48.0920308759506
"UG","UGA","Uganda",2022,33.8129496402878,48.0820183568986
"UG","UGA","Uganda",2023,33.8129496402878,48.1418698304378
"UA","UKR","Ukraine",2000,7.77777777777778,50.3453519152313
"UA","UKR","Ukraine",2001,7.77777777777778,50.4708234047924
"UA","UKR","Ukraine",2002,NA,50.594888930494
"UA","UKR","Ukraine",2003,5.33333333333333,50.7095326805957
"UA","UKR","Ukraine",2004,5.33333333333333,50.8399274346269
"UA","UKR","Ukraine",2005,5.33333333333333,51.010113909123
"UA","UKR","Ukraine",2006,8.66666666666667,51.1767282968727
"UA","UKR","Ukraine",2007,8.22222222222222,50.8823979173464
"UA","UKR","Ukraine",2008,8.22222222222222,50.6088968133083
"UA","UKR","Ukraine",2009,8,50.3284692982505
"UA","UKR","Ukraine",2010,8,50.0349609291125
"UA","UKR","Ukraine",2011,8,49.7421698941622
"UA","UKR","Ukraine",2012,9.43820224719101,49.4396784695123
"UA","UKR","Ukraine",2013,9.43820224719101,49.1392765880137
"UA","UKR","Ukraine",2014,11.6666666666667,48.8590694383834
"UA","UKR","Ukraine",2015,12.085308056872,48.5797887753229
"UA","UKR","Ukraine",2016,12.0192307692308,48.292154502178
"UA","UKR","Ukraine",2017,12.2931442080378,48.0037773161181
"UA","UKR","Ukraine",2018,12.2931442080378,47.7164807054034
"UA","UKR","Ukraine",2019,20.5188679245283,47.4373352210285
"UA","UKR","Ukraine",2020,20.8037825059102,47.4024748894476
"UA","UKR","Ukraine",2021,20.8037825059102,47.4225091491848
"UA","UKR","Ukraine",2022,20.3309692671395,NA
"UA","UKR","Ukraine",2023,20.4326923076923,NA
"UY","URY","Uruguay",2000,12.1212121212121,42.5260660732992
"UY","URY","Uruguay",2001,12.1212121212121,43.4824555485764
"UY","URY","Uruguay",2002,12.1212121212121,43.2278198123822
"UY","URY","Uruguay",2003,12.1212121212121,43.6192674946604
"UY","URY","Uruguay",2004,12.1212121212121,43.1633984821875
"UY","URY","Uruguay",2005,11.1111111111111,43.8405545139177
"UY","URY","Uruguay",2006,11.1111111111111,43.5944502397464
"UY","URY","Uruguay",2007,12.1212121212121,43.8621102398424
"UY","URY","Uruguay",2008,12.1212121212121,44.530881139223
"UY","URY","Uruguay",2009,14.1414141414141,44.6081592361217
"UY","URY","Uruguay",2010,15.1515151515152,44.7176176726236
"UY","URY","Uruguay",2011,12.1212121212121,45.0705845262838
"UY","URY","Uruguay",2012,12.1212121212121,45.3249627860365
"UY","URY","Uruguay",2013,12.1212121212121,44.6387650887807
"UY","URY","Uruguay",2014,13.1313131313131,45.1672561121433
"UY","URY","Uruguay",2015,16.1616161616162,45.318798795734
"UY","URY","Uruguay",2016,16.1616161616162,45.5568448434153
"UY","URY","Uruguay",2017,20.2020202020202,45.6590418183445
"UY","URY","Uruguay",2018,20.2020202020202,45.8716172851934
"UY","URY","Uruguay",2019,19.1919191919192,46.0356455056323
"UY","URY","Uruguay",2020,21.2121212121212,46.3070371998184
"UY","URY","Uruguay",2021,24.2424242424242,46.476041615219
"UY","URY","Uruguay",2022,25.2525252525253,45.942897085336
"UY","URY","Uruguay",2023,26.2626262626263,45.6296661818296
"US","USA","United States",2000,NA,45.0576382459775
"US","USA","United States",2001,14.0229885057471,45.0762626365876
"US","USA","United States",2002,13.7931034482759,45.1021437378559
"US","USA","United States",2003,14.2528735632184,45.2250133465162
"US","USA","United States",2004,14.9425287356322,45.128880250771
"US","USA","United States",2005,15.1724137931034,45.1411315113288
"US","USA","United States",2006,16.3218390804598,45.120895131862
"US","USA","United States",2007,16.7816091954023,45.1640685845004
"US","USA","United States",2008,17.0114942528736,45.3082478404308
"US","USA","United States",2009,16.7816091954023,45.5346063755898
"US","USA","United States",2010,16.7816091954023,45.5454244196848
"US","USA","United States",2011,16.8202764976959,45.4512346159875
"US","USA","United States",2012,17.9723502304147,45.3005278534996
"US","USA","United States",2013,17.8240740740741,45.1784570377838
"US","USA","United States",2014,19.3103448275862,45.1985755443416
"US","USA","United States",2015,19.3548387096774,45.0678000682997
"US","USA","United States",2016,19.1685912240185,45.0251666922372
"US","USA","United States",2017,19.3548387096774,45.1335932280448
"US","USA","United States",2018,23.5023041474654,45.1192820388124
"US","USA","United States",2019,23.4338747099768,45.2120599159437
"US","USA","United States",2020,27.4647887323944,45.1999449656485
"US","USA","United States",2021,27.6497695852535,45.1871645471148
"US","USA","United States",2022,28.7037037037037,45.3040253318552
"US","USA","United States",2023,28.9655172413793,45.5675714150187
"UZ","UZB","Uzbekistan",2000,7.2,35.0370157716455
"UZ","UZB","Uzbekistan",2001,7.2,35.0268835764266
"UZ","UZB","Uzbekistan",2002,7.2,35.1367476842867
"UZ","UZB","Uzbekistan",2003,7.2,35.1032080058288
"UZ","UZB","Uzbekistan",2004,17.5,35.1126375195664
"UZ","UZB","Uzbekistan",2005,17.5,35.0490404962619
"UZ","UZB","Uzbekistan",2006,17.5,35.0640375145012
"UZ","UZB","Uzbekistan",2007,17.5,35.0810696377623
"UZ","UZB","Uzbekistan",2008,17.5,35.1070960116806
"UZ","UZB","Uzbekistan",2009,22,35.2089675751564
"UZ","UZB","Uzbekistan",2010,22,35.2772078554648
"UZ","UZB","Uzbekistan",2011,22,35.0858535152224
"UZ","UZB","Uzbekistan",2012,22,35.1202538191134
"UZ","UZB","Uzbekistan",2013,22,35.1490002237205
"UZ","UZB","Uzbekistan",2014,22,35.1085887762688
"UZ","UZB","Uzbekistan",2015,16,35.1216259017273
"UZ","UZB","Uzbekistan",2016,16,35.1312835993551
"UZ","UZB","Uzbekistan",2017,16,35.1941346181563
"UZ","UZB","Uzbekistan",2018,16,35.225133418538
"UZ","UZB","Uzbekistan",2019,16,35.3215646039192
"UZ","UZB","Uzbekistan",2020,32,35.3203210205539
"UZ","UZB","Uzbekistan",2021,32.6530612244898,35.4402259134814
"UZ","UZB","Uzbekistan",2022,33.3333333333333,35.7430436642459
"UZ","UZB","Uzbekistan",2023,33.5714285714286,35.8315808675141
"VC","VCT","St. Vincent and the Grenadines",2000,4.76190476190476,36.1939928136105
"VC","VCT","St. Vincent and the Grenadines",2001,NA,36.3201323381713
"VC","VCT","St. Vincent and the Grenadines",2002,22.7272727272727,36.6355322047091
"VC","VCT","St. Vincent and the Grenadines",2003,22.7272727272727,37.0168188370975
"VC","VCT","St. Vincent and the Grenadines",2004,22.7272727272727,37.288522655908
"VC","VCT","St. Vincent and the Grenadines",2005,18.1818181818182,37.4969334415278
"VC","VCT","St. Vincent and the Grenadines",2006,18.1818181818182,37.9260035165164
"VC","VCT","St. Vincent and the Grenadines",2007,18.1818181818182,38.2120767473393
"VC","VCT","St. Vincent and the Grenadines",2008,18.1818181818182,38.3758520680546
"VC","VCT","St. Vincent and the Grenadines",2009,21.7391304347826,38.4713047638324
"VC","VCT","St. Vincent and the Grenadines",2010,14.2857142857143,38.4554622774951
"VC","VCT","St. Vincent and the Grenadines",2011,17.3913043478261,38.6346531563779
"VC","VCT","St. Vincent and the Grenadines",2012,17.3913043478261,38.8644285452211
"VC","VCT","St. Vincent and the Grenadines",2013,13.0434782608696,39.1297972948206
"VC","VCT","St. Vincent and the Grenadines",2014,13.0434782608696,39.3462447551166
"VC","VCT","St. Vincent and the Grenadines",2015,13.0434782608696,39.6241964727213
"VC","VCT","St. Vincent and the Grenadines",2016,13.0434782608696,39.9729071704468
"VC","VCT","St. Vincent and the Grenadines",2017,13.0434782608696,40.2513188745604
"VC","VCT","St. Vincent and the Grenadines",2018,13.0434782608696,40.6294103630932
"VC","VCT","St. Vincent and the Grenadines",2019,13.0434782608696,40.9316245593419
"VC","VCT","St. Vincent and the Grenadines",2020,18.1818181818182,41.0426858871419
"VC","VCT","St. Vincent and the Grenadines",2021,18.1818181818182,41.2696039030226
"VC","VCT","St. Vincent and the Grenadines",2022,18.1818181818182,41.6751806512734
"VC","VCT","St. Vincent and the Grenadines",2023,18.1818181818182,42.2507238844755
"VE","VEN","Venezuela, RB",2000,NA,37.82598016356
"VE","VEN","Venezuela, RB",2001,9.6969696969697,38.2731803573972
"VE","VEN","Venezuela, RB",2002,9.6969696969697,38.1766476753287
"VE","VEN","Venezuela, RB",2003,9.6969696969697,37.6160630574265
"VE","VEN","Venezuela, RB",2004,9.6969696969697,37.8190038523759
"VE","VEN","Venezuela, RB",2005,17.3652694610778,38.9918239492378
"VE","VEN","Venezuela, RB",2006,17.9640718562874,39.0925908193387
"VE","VEN","Venezuela, RB",2007,18.562874251497,39.1467580458042
"VE","VEN","Venezuela, RB",2008,18.562874251497,39.2471418048262
"VE","VEN","Venezuela, RB",2009,17.4698795180723,39.6394423885361
"VE","VEN","Venezuela, RB",2010,16.969696969697,39.4565109944104
"VE","VEN","Venezuela, RB",2011,16.969696969697,39.653092264283
"VE","VEN","Venezuela, RB",2012,16.969696969697,39.8777569424421
"VE","VEN","Venezuela, RB",2013,16.969696969697,39.8710910893663
"VE","VEN","Venezuela, RB",2014,16.969696969697,39.8656388420833
"VE","VEN","Venezuela, RB",2015,16.969696969697,39.862791630938
"VE","VEN","Venezuela, RB",2016,14.3712574850299,39.8707978860944
"VE","VEN","Venezuela, RB",2017,22.1556886227545,39.3324634505915
"VE","VEN","Venezuela, RB",2018,22.1556886227545,39.36699334677
"VE","VEN","Venezuela, RB",2019,22.1556886227545,39.2557311962228
"VE","VEN","Venezuela, RB",2020,22.1556886227545,39.1880911487672
"VE","VEN","Venezuela, RB",2021,22.1556886227545,39.368010866727
"VE","VEN","Venezuela, RB",2022,NA,35.5605917678418
"VE","VEN","Venezuela, RB",2023,NA,36.0707399386253
"VG","VGB","British Virgin Islands",2000,NA,NA
"VG","VGB","British Virgin Islands",2001,NA,NA
"VG","VGB","British Virgin Islands",2002,NA,NA
"VG","VGB","British Virgin Islands",2003,NA,NA
"VG","VGB","British Virgin Islands",2004,NA,NA
"VG","VGB","British Virgin Islands",2005,NA,NA
"VG","VGB","British Virgin Islands",2006,NA,NA
"VG","VGB","British Virgin Islands",2007,NA,NA
"VG","VGB","British Virgin Islands",2008,NA,NA
"VG","VGB","British Virgin Islands",2009,NA,NA
"VG","VGB","British Virgin Islands",2010,NA,NA
"VG","VGB","British Virgin Islands",2011,NA,NA
"VG","VGB","British Virgin Islands",2012,NA,NA
"VG","VGB","British Virgin Islands",2013,NA,NA
"VG","VGB","British Virgin Islands",2014,NA,NA
"VG","VGB","British Virgin Islands",2015,NA,NA
"VG","VGB","British Virgin Islands",2016,NA,NA
"VG","VGB","British Virgin Islands",2017,NA,NA
"VG","VGB","British Virgin Islands",2018,NA,NA
"VG","VGB","British Virgin Islands",2019,NA,NA
"VG","VGB","British Virgin Islands",2020,NA,NA
"VG","VGB","British Virgin Islands",2021,NA,NA
"VG","VGB","British Virgin Islands",2022,NA,NA
"VG","VGB","British Virgin Islands",2023,NA,NA
"VI","VIR","Virgin Islands (U.S.)",2000,NA,49.6208264943591
"VI","VIR","Virgin Islands (U.S.)",2001,NA,49.7994041708044
"VI","VIR","Virgin Islands (U.S.)",2002,NA,49.9248120300752
"VI","VIR","Virgin Islands (U.S.)",2003,NA,50.0040788024636
"VI","VIR","Virgin Islands (U.S.)",2004,NA,50.2308674722468
"VI","VIR","Virgin Islands (U.S.)",2005,NA,50.4754403826575
"VI","VIR","Virgin Islands (U.S.)",2006,NA,50.7359784239616
"VI","VIR","Virgin Islands (U.S.)",2007,NA,51.0236132144259
"VI","VIR","Virgin Islands (U.S.)",2008,NA,51.1998954989923
"VI","VIR","Virgin Islands (U.S.)",2009,NA,51.0410658132222
"VI","VIR","Virgin Islands (U.S.)",2010,NA,51.1925026298173
"VI","VIR","Virgin Islands (U.S.)",2011,NA,50.9154052319656
"VI","VIR","Virgin Islands (U.S.)",2012,NA,50.2927906306998
"VI","VIR","Virgin Islands (U.S.)",2013,NA,50.077216938958
"VI","VIR","Virgin Islands (U.S.)",2014,NA,50.0606459305553
"VI","VIR","Virgin Islands (U.S.)",2015,NA,50.0757441617974
"VI","VIR","Virgin Islands (U.S.)",2016,NA,50.153525174192
"VI","VIR","Virgin Islands (U.S.)",2017,NA,50.1515122271332
"VI","VIR","Virgin Islands (U.S.)",2018,NA,50.2678093197643
"VI","VIR","Virgin Islands (U.S.)",2019,NA,50.4322145336179
"VI","VIR","Virgin Islands (U.S.)",2020,NA,50.3993644522695
"VI","VIR","Virgin Islands (U.S.)",2021,NA,50.7823553012226
"VI","VIR","Virgin Islands (U.S.)",2022,NA,51.2211895136081
"VI","VIR","Virgin Islands (U.S.)",2023,NA,51.5170537769408
"VN","VNM","Viet Nam",2000,26,49.5167647635447
"VN","VNM","Viet Nam",2001,26,49.5876407016322
"VN","VNM","Viet Nam",2002,27.3092369477912,49.4902831554257
"VN","VNM","Viet Nam",2003,27.3092369477912,49.4087911602509
"VN","VNM","Viet Nam",2004,27.3092369477912,49.3429743362075
"VN","VNM","Viet Nam",2005,27.3092369477912,49.4004738792457
"VN","VNM","Viet Nam",2006,27.3092369477912,49.4517958471197
"VN","VNM","Viet Nam",2007,25.7606490872211,49.5020302942614
"VN","VNM","Viet Nam",2008,25.7606490872211,49.4754488944552
"VN","VNM","Viet Nam",2009,25.7606490872211,49.4390523913276
"VN","VNM","Viet Nam",2010,25.7606490872211,49.1480927961891
"VN","VNM","Viet Nam",2011,24.4,49.0530907564137
"VN","VNM","Viet Nam",2012,24.4,49.2537761340152
"VN","VNM","Viet Nam",2013,24.4,49.28715903733
"VN","VNM","Viet Nam",2014,24.2971887550201,49.3392699407741
"VN","VNM","Viet Nam",2015,24.2971887550201,49.1226042773037
"VN","VNM","Viet Nam",2016,26.7206477732794,49.1034867313828
"VN","VNM","Viet Nam",2017,26.7206477732794,48.8243234789677
"VN","VNM","Viet Nam",2018,26.7206477732794,48.7328964768118
"VN","VNM","Viet Nam",2019,26.7206477732794,48.3010584863932
"VN","VNM","Viet Nam",2020,26.7206477732794,48.0971932185412
"VN","VNM","Viet Nam",2021,30.2605210420842,48.5298846141
"VN","VNM","Viet Nam",2022,30.2605210420842,48.5921307777529
"VN","VNM","Viet Nam",2023,30.2605210420842,48.7588848460667
"VU","VUT","Vanuatu",2000,0,45.3266048528349
"VU","VUT","Vanuatu",2001,0,45.6160857655615
"VU","VUT","Vanuatu",2002,1.92307692307692,45.9314300019344
"VU","VUT","Vanuatu",2003,1.92307692307692,46.0876739453275
"VU","VUT","Vanuatu",2004,3.84615384615385,46.2436170212766
"VU","VUT","Vanuatu",2005,3.84615384615385,46.3730063118442
"VU","VUT","Vanuatu",2006,3.84615384615385,46.4556241953673
"VU","VUT","Vanuatu",2007,3.84615384615385,46.0119561074445
"VU","VUT","Vanuatu",2008,3.84615384615385,45.4635738100305
"VU","VUT","Vanuatu",2009,3.84615384615385,44.8054288391634
"VU","VUT","Vanuatu",2010,3.84615384615385,44.0224619476873
"VU","VUT","Vanuatu",2011,1.92307692307692,44.2270038326945
"VU","VUT","Vanuatu",2012,0,44.4349535345635
"VU","VUT","Vanuatu",2013,0,44.6481841598876
"VU","VUT","Vanuatu",2014,0,44.857655550627
"VU","VUT","Vanuatu",2015,0,45.0683125599233
"VU","VUT","Vanuatu",2016,0,45.2783137895206
"VU","VUT","Vanuatu",2017,0,45.4968502934175
"VU","VUT","Vanuatu",2018,0,45.7323100180243
"VU","VUT","Vanuatu",2019,0,45.9616140128975
"VU","VUT","Vanuatu",2020,0,46.0490746516947
"VU","VUT","Vanuatu",2021,0,46.9315174239082
"VU","VUT","Vanuatu",2022,1.92307692307692,46.0060070797726
"VU","VUT","Vanuatu",2023,1.92307692307692,46.0309583507452
"WS","WSM","Samoa",2000,8.16326530612245,36.5452215907224
"WS","WSM","Samoa",2001,6.12244897959184,36.5676296782666
"WS","WSM","Samoa",2002,6.12244897959184,36.6209598432909
"WS","WSM","Samoa",2003,6.12244897959184,36.6964011073516
"WS","WSM","Samoa",2004,6.12244897959184,36.7513815704922
"WS","WSM","Samoa",2005,6.12244897959184,36.8309138581569
"WS","WSM","Samoa",2006,6.12244897959184,36.8832941774081
"WS","WSM","Samoa",2007,8.16326530612245,36.908373547951
"WS","WSM","Samoa",2008,8.16326530612245,36.958823895845
"WS","WSM","Samoa",2009,8.16326530612245,36.9684827001618
"WS","WSM","Samoa",2010,8.16326530612245,37.0395341710083
"WS","WSM","Samoa",2011,4.08163265306122,37.1034524751872
"WS","WSM","Samoa",2012,4.08163265306122,37.1230221340666
"WS","WSM","Samoa",2013,4.08163265306122,37.2246401568604
"WS","WSM","Samoa",2014,6.12244897959184,37.3200247327975
"WS","WSM","Samoa",2015,6.12244897959184,37.4387550641335
"WS","WSM","Samoa",2016,10,37.6085309713886
"WS","WSM","Samoa",2017,10,37.7748505421015
"WS","WSM","Samoa",2018,10,37.5966216014564
"WS","WSM","Samoa",2019,10,37.4501868956782
"WS","WSM","Samoa",2020,10,37.2401427902244
"WS","WSM","Samoa",2021,7.84313725490196,37.0352389721269
"WS","WSM","Samoa",2022,12.962962962963,35.8963680219342
"WS","WSM","Samoa",2023,12.962962962963,36.1391461172962
"XK","XKX","Kosovo",2000,NA,NA
"XK","XKX","Kosovo",2001,NA,NA
"XK","XKX","Kosovo",2002,NA,NA
"XK","XKX","Kosovo",2003,NA,NA
"XK","XKX","Kosovo",2004,NA,NA
"XK","XKX","Kosovo",2005,NA,NA
"XK","XKX","Kosovo",2006,NA,NA
"XK","XKX","Kosovo",2007,NA,NA
"XK","XKX","Kosovo",2008,NA,NA
"XK","XKX","Kosovo",2009,NA,NA
"XK","XKX","Kosovo",2010,NA,NA
"XK","XKX","Kosovo",2011,NA,NA
"XK","XKX","Kosovo",2012,NA,NA
"XK","XKX","Kosovo",2013,NA,NA
"XK","XKX","Kosovo",2014,NA,NA
"XK","XKX","Kosovo",2015,NA,NA
"XK","XKX","Kosovo",2016,NA,NA
"XK","XKX","Kosovo",2017,NA,NA
"XK","XKX","Kosovo",2018,NA,NA
"XK","XKX","Kosovo",2019,NA,NA
"XK","XKX","Kosovo",2020,NA,NA
"XK","XKX","Kosovo",2021,NA,NA
"XK","XKX","Kosovo",2022,NA,NA
"XK","XKX","Kosovo",2023,NA,NA
"YE","YEM","Yemen, Rep.",2000,0.664451827242525,22.468983646023
"YE","YEM","Yemen, Rep.",2001,0.668896321070234,21.3472890535388
"YE","YEM","Yemen, Rep.",2002,0.668896321070234,20.2514300214635
"YE","YEM","Yemen, Rep.",2003,0.332225913621262,19.1818603841107
"YE","YEM","Yemen, Rep.",2004,0.332225913621262,18.140015474866
"YE","YEM","Yemen, Rep.",2005,0.332225913621262,17.1199958922765
"YE","YEM","Yemen, Rep.",2006,0.332225913621262,16.127119063855
"YE","YEM","Yemen, Rep.",2007,0.332225913621262,15.1686116831808
"YE","YEM","Yemen, Rep.",2008,0.332225913621262,14.242825326031
"YE","YEM","Yemen, Rep.",2009,0.332225913621262,13.353182407416
"YE","YEM","Yemen, Rep.",2010,0.332225913621262,12.5013892487559
"YE","YEM","Yemen, Rep.",2011,0.332225913621262,11.2169054644643
"YE","YEM","Yemen, Rep.",2012,0.332225913621262,10.0505317590942
"YE","YEM","Yemen, Rep.",2013,0.332225913621262,9.00404745830296
"YE","YEM","Yemen, Rep.",2014,0.332225913621262,8.06493386751449
"YE","YEM","Yemen, Rep.",2015,0,8.05374324621515
"YE","YEM","Yemen, Rep.",2016,0,7.86434006765924
"YE","YEM","Yemen, Rep.",2017,0,7.70493093028241
"YE","YEM","Yemen, Rep.",2018,0,7.59418587028264
"YE","YEM","Yemen, Rep.",2019,0.332225913621262,7.4972621581558
"YE","YEM","Yemen, Rep.",2020,0.332225913621262,7.49948364168131
"YE","YEM","Yemen, Rep.",2021,0,7.50769783448846
"YE","YEM","Yemen, Rep.",2022,0,7.2342876918712
"YE","YEM","Yemen, Rep.",2023,0,7.14154124920282
"ZA","ZAF","South Africa",2000,29.8245614035088,44.0603880641691
"ZA","ZAF","South Africa",2001,29.8245614035088,44.4507154037048
"ZA","ZAF","South Africa",2002,29.8245614035088,44.7958602704001
"ZA","ZAF","South Africa",2003,29.8245614035088,45.0918109144593
"ZA","ZAF","South Africa",2004,32.7787021630616,45.3320647327809
"ZA","ZAF","South Africa",2005,32.75,45.5090038952277
"ZA","ZAF","South Africa",2006,32.75,45.6417570306011
"ZA","ZAF","South Africa",2007,33,45.7550364857841
"ZA","ZAF","South Africa",2008,33,45.8321384880066
"ZA","ZAF","South Africa",2009,44.5,45.653576195282
"ZA","ZAF","South Africa",2010,44.5,45.399729641345
"ZA","ZAF","South Africa",2011,42.25,45.795167109095
"ZA","ZAF","South Africa",2012,42.25,45.6029197238799
"ZA","ZAF","South Africa",2013,42.25,45.9574699392455
"ZA","ZAF","South Africa",2014,41.5,45.858819442239
"ZA","ZAF","South Africa",2015,42,45.7618414241331
"ZA","ZAF","South Africa",2016,42,45.7020772159305
"ZA","ZAF","South Africa",2017,41.8367346938776,46.1156591934928
"ZA","ZAF","South Africa",2018,42.7480916030534,46.0724528356893
"ZA","ZAF","South Africa",2019,46.3476070528967,45.9473642984512
"ZA","ZAF","South Africa",2020,46.75,45.5635616619674
"ZA","ZAF","South Africa",2021,46.5822784810127,45.4492970686022
"ZA","ZAF","South Africa",2022,46.5,45.7780100323056
"ZA","ZAF","South Africa",2023,45.8646616541353,46.2730482961842
"ZM","ZMB","Zambia",2000,10.126582278481,45.350583529219
"ZM","ZMB","Zambia",2001,10.126582278481,45.27769665838
"ZM","ZMB","Zambia",2002,12.0253164556962,45.208431054636
"ZM","ZMB","Zambia",2003,12.0253164556962,45.1465438368642
"ZM","ZMB","Zambia",2004,12.0253164556962,45.0769927625591
"ZM","ZMB","Zambia",2005,12.6582278481013,44.9873990440579
"ZM","ZMB","Zambia",2006,14.6496815286624,44.8865668979915
"ZM","ZMB","Zambia",2007,15.1898734177215,44.7870645109876
"ZM","ZMB","Zambia",2008,15.1898734177215,44.7026400120597
"ZM","ZMB","Zambia",2009,14.0127388535032,44.6443419441105
"ZM","ZMB","Zambia",2010,14.0127388535032,44.6184224950792
"ZM","ZMB","Zambia",2011,11.4649681528662,44.6321335459677
"ZM","ZMB","Zambia",2012,11.4649681528662,44.6732196910357
"ZM","ZMB","Zambia",2013,11.4649681528662,44.738928468874
"ZM","ZMB","Zambia",2014,10.7594936708861,44.8278573029216
"ZM","ZMB","Zambia",2015,12.6582278481013,44.9431923796659
"ZM","ZMB","Zambia",2016,17.9640718562874,45.0716205983136
"ZM","ZMB","Zambia",2017,17.9640718562874,45.2154258687432
"ZM","ZMB","Zambia",2018,17.9640718562874,45.379568143947
"ZM","ZMB","Zambia",2019,17.9640718562874,44.5774870052327
"ZM","ZMB","Zambia",2020,16.7664670658683,45.4634977373845
"ZM","ZMB","Zambia",2021,15.0602409638554,45.8077545783141
"ZM","ZMB","Zambia",2022,15.0602409638554,46.1173767011759
"ZM","ZMB","Zambia",2023,14.9700598802395,46.2714195496748
"ZW","ZWE","Zimbabwe",2000,9.33333333333333,50.2472713968332
"ZW","ZWE","Zimbabwe",2001,10,50.5389977244789
"ZW","ZWE","Zimbabwe",2002,10,50.6575376833516
"ZW","ZWE","Zimbabwe",2003,10,50.651330716821
"ZW","ZWE","Zimbabwe",2004,10,50.65146352481
"ZW","ZWE","Zimbabwe",2005,16,50.6698094181708
"ZW","ZWE","Zimbabwe",2006,16.6666666666667,50.6387640700538
"ZW","ZWE","Zimbabwe",2007,16,50.5798499497127
"ZW","ZWE","Zimbabwe",2008,15.2380952380952,50.5254267278689
"ZW","ZWE","Zimbabwe",2009,14.9532710280374,50.4344177495606
"ZW","ZWE","Zimbabwe",2010,14.9532710280374,50.327688855987
"ZW","ZWE","Zimbabwe",2011,14.9532710280374,50.2448009920732
"ZW","ZWE","Zimbabwe",2012,14.9532710280374,50.2454864535767
"ZW","ZWE","Zimbabwe",2013,31.4814814814815,50.2351102603287
"ZW","ZWE","Zimbabwe",2014,31.4814814814815,50.1880060204431
"ZW","ZWE","Zimbabwe",2015,31.4814814814815,50.1892414824508
"ZW","ZWE","Zimbabwe",2016,31.4814814814815,50.2260230492785
"ZW","ZWE","Zimbabwe",2017,32.5757575757576,50.2857920031631
"ZW","ZWE","Zimbabwe",2018,31.4814814814815,50.3606077641859
"ZW","ZWE","Zimbabwe",2019,31.8518518518519,50.4414594446755
"ZW","ZWE","Zimbabwe",2020,31.8518518518519,50.1552192906372
"ZW","ZWE","Zimbabwe",2021,31.8518518518519,50.0906638015718
"ZW","ZWE","Zimbabwe",2022,30.5660377358491,49.8516430077237
"ZW","ZWE","Zimbabwe",2023,30.6818181818182,49.7984844057932
